event,logical_time_ns,logical_time_ms,physical_time_ms,tag_time_ns,microstep,lag_ms,displacement_present,velocity_present,steer_present,head_present,eye_present,environment_states_present,distance_to_target_m,velocity_kmh,steering,head_history_json,eye_history_json,environment_json,control,instruction,inference_ms,control_present,instruction_present
llm_inference,7000000000,7000.0,7357.49066,7000000000,0,357.4906600000004,1,1,1,1,1,1,4000.0,89.54208000000001,1,"[""CENTER""]","[""CENTER""]","{""road_phase"": ""HIGHWAY"", ""front_car_present"": 0, ""right_car_present"": 0, ""right_car_position"": ""NONE"", ""cross_left_car_present"": 0, ""cross_right_car_present"": 0}",NONE,,266.38415711931884,1,1
llm_inference,7400000000,7400.0,7788.255098,7400000000,0,388.25509799999963,1,1,1,1,1,1,3965.2316791189114,87.75539718785244,1,"[""CENTER"", ""CENTER"", ""CENTER"", ""CENTER""]","[""CENTER"", ""CENTER"", ""CENTER"", ""CENTER""]","{""road_phase"": ""HIGHWAY"", ""front_car_present"": 0, ""right_car_present"": 0, ""right_car_position"": ""NONE"", ""cross_left_car_present"": 0, ""cross_right_car_present"": 0}",NONE,,263.33769503980875,1,1
llm_inference,7800000000,7800.0,8137.869242,7800000000,0,337.86924199999976,1,1,1,1,1,1,3928.042517906621,90.2693671134672,1,"[""CENTER"", ""CENTER"", ""CENTER"", ""CENTER""]","[""CENTER"", ""CENTER"", ""CENTER"", ""CENTER""]","{""road_phase"": ""HIGHWAY"", ""front_car_present"": 0, ""right_car_present"": 0, ""right_car_position"": ""NONE"", ""cross_left_car_present"": 0, ""cross_right_car_present"": 0}",NONE,,248.88643505983055,1,1
llm_inference,8200000000,8200.0,8534.339962,8200000000,0,334.339962,1,1,1,1,1,1,3890.853356694164,90.43537345686862,1,"[""CENTER"", ""CENTER"", ""CENTER"", ""CENTER""]","[""CENTER"", ""CENTER"", ""CENTER"", ""CENTER""]","{""road_phase"": ""HIGHWAY"", ""front_car_present"": 0, ""right_car_present"": 0, ""right_car_position"": ""NONE"", ""cross_left_car_present"": 0, ""cross_right_car_present"": 0}",NONE,,243.86575305834413,1,1
llm_inference,8600000000,8600.0,8939.84246,8600000000,0,339.84245999999985,1,1,1,1,1,1,3853.664195481708,88.6137584805567,1,"[""CENTER"", ""CENTER"", ""CENTER"", ""CENTER""]","[""CENTER"", ""CENTER"", ""CENTER"", ""CENTER""]","{""road_phase"": ""HIGHWAY"", ""front_car_present"": 0, ""right_car_present"": 0, ""right_car_position"": ""NONE"", ""cross_left_car_present"": 0, ""cross_right_car_present"": 0}",NONE,,248.558052117005,1,1
llm_inference,9000000000,9000.0,9346.804099,9000000000,0,346.80409900000086,1,1,1,1,1,1,3816.4750342692514,86.863018223715,1,"[""CENTER"", ""CENTER"", ""CENTER"", ""CENTER""]","[""CENTER"", ""CENTER"", ""CENTER"", ""CENTER""]","{""road_phase"": ""HIGHWAY"", ""front_car_present"": 0, ""right_car_present"": 0, ""right_car_position"": ""NONE"", ""cross_left_car_present"": 0, ""cross_right_car_present"": 0}",NONE,,249.005232937634,1,1
llm_inference,9400000000,9400.0,9757.760079,9400000000,0,357.7600789999997,1,1,1,1,1,1,3779.285873056795,89.4574736389153,1,"[""CENTER"", ""CENTER"", ""CENTER"", ""CENTER""]","[""CENTER"", ""CENTER"", ""CENTER"", ""CENTER""]","{""road_phase"": ""HIGHWAY"", ""front_car_present"": 0, ""right_car_present"": 0, ""right_car_position"": ""NONE"", ""cross_left_car_present"": 0, ""cross_right_car_present"": 0}",NONE,,254.4139081146568,1,1
llm_inference,9800000000,9800.0,10143.982581,9800000000,0,343.9825810000002,1,1,1,1,1,1,3742.0967118443386,93.34818301471616,1,"[""CENTER"", ""CENTER"", ""CENTER"", ""CENTER""]","[""CENTER"", ""CENTER"", ""CENTER"", ""CENTER""]","{""road_phase"": ""HIGHWAY"", ""front_car_present"": 0, ""right_car_present"": 0, ""right_car_position"": ""NONE"", ""cross_left_car_present"": 0, ""cross_right_car_present"": 0}",NONE,,255.05443615838885,1,1
llm_inference,10200000000,10200.0,10556.619641,10200000000,0,356.6196409999993,1,1,1,1,1,1,3704.9075506318823,97.08081237983068,1,"[""CENTER"", ""CENTER"", ""CENTER"", ""CENTER""]","[""CENTER"", ""CENTER"", ""CENTER"", ""CENTER""]","{""road_phase"": ""HIGHWAY"", ""front_car_present"": 0, ""right_car_present"": 0, ""right_car_position"": ""NONE"", ""cross_left_car_present"": 0, ""cross_right_car_present"": 0}",NONE,,267.95952790416777,1,1
llm_inference,10600000000,10600.0,10947.614026,10600000000,0,347.6140259999993,1,1,1,1,1,1,3667.718389419426,100.65575395553972,1,"[""CENTER"", ""CENTER"", ""CENTER"", ""CENTER""]","[""CENTER"", ""CENTER"", ""CENTER"", ""CENTER""]","{""road_phase"": ""HIGHWAY"", ""front_car_present"": 0, ""right_car_present"": 0, ""right_car_position"": ""NONE"", ""cross_left_car_present"": 0, ""cross_right_car_present"": 0}",NONE,,257.82599695958197,1,1
llm_inference,11000000000,11000.0,11349.390498,11000000000,0,349.39049800000066,1,1,1,1,1,1,3630.5292282069695,101.21054533384218,1,"[""CENTER"", ""CENTER"", ""CENTER"", ""CENTER""]","[""CENTER"", ""CENTER"", ""CENTER"", ""CENTER""]","{""road_phase"": ""HIGHWAY"", ""front_car_present"": 0, ""right_car_present"": 0, ""right_car_position"": ""NONE"", ""cross_left_car_present"": 0, ""cross_right_car_present"": 0}",NONE,,259.19977016747,1,1
llm_inference,11400000000,11400.0,11742.595926,11400000000,0,342.59592599999996,1,1,1,1,1,1,3593.3400669945163,98.94090401729746,1,"[""CENTER"", ""CENTER"", ""CENTER"", ""CENTER""]","[""CENTER"", ""CENTER"", ""CENTER"", ""CENTER""]","{""road_phase"": ""HIGHWAY"", ""front_car_present"": 0, ""right_car_present"": 0, ""right_car_position"": ""NONE"", ""cross_left_car_present"": 0, ""cross_right_car_present"": 0}",NONE,,240.8466360066086,1,1
llm_inference,11800000000,11800.0,12136.470681,11800000000,0,336.4706810000007,1,1,1,1,1,1,3556.1509057820776,96.76972090207634,1,"[""CENTER"", ""CENTER"", ""CENTER"", ""CENTER""]","[""CENTER"", ""CENTER"", ""CENTER"", ""CENTER""]","{""road_phase"": ""HIGHWAY"", ""front_car_present"": 0, ""right_car_present"": 0, ""right_car_position"": ""NONE"", ""cross_left_car_present"": 0, ""cross_right_car_present"": 0}",NONE,,247.32341105118394,1,1
llm_inference,12200000000,12200.0,12540.798226,12200000000,0,340.7982260000008,1,1,1,1,1,1,3518.961744569639,94.69068535225983,1,"[""CENTER"", ""CENTER"", ""CENTER"", ""CENTER""]","[""CENTER"", ""CENTER"", ""CENTER"", ""CENTER""]","{""road_phase"": ""HIGHWAY"", ""front_car_present"": 0, ""right_car_present"": 0, ""right_car_position"": ""NONE"", ""cross_left_car_present"": 0, ""cross_right_car_present"": 0}",NONE,,251.18975318036973,1,1
llm_inference,12600000000,12600.0,12947.661152,12600000000,0,347.6611520000006,1,1,1,1,1,1,3481.7725833572003,92.69801540583741,1,"[""CENTER"", ""CENTER"", ""CENTER"", ""CENTER""]","[""CENTER"", ""CENTER"", ""CENTER"", ""CENTER""]","{""road_phase"": ""HIGHWAY"", ""front_car_present"": 0, ""right_car_present"": 0, ""right_car_position"": ""NONE"", ""cross_left_car_present"": 0, ""cross_right_car_present"": 0}",NONE,,259.3243159353733,1,1
llm_inference,13000000000,13000.0,13339.217445,13000000000,0,339.2174450000002,1,1,1,1,1,1,3444.5834221447617,90.78640349519202,1,"[""CENTER"", ""CENTER"", ""CENTER"", ""CENTER""]","[""CENTER"", ""CENTER"", ""CENTER"", ""CENTER""]","{""road_phase"": ""HIGHWAY"", ""front_car_present"": 0, ""right_car_present"": 0, ""right_car_position"": ""NONE"", ""cross_left_car_present"": 0, ""cross_right_car_present"": 0}",NONE,,246.71152397058904,1,1
llm_inference,13400000000,13400.0,13763.809747,13400000000,0,363.80974699999933,1,1,1,1,1,1,3407.394260932323,88.95096872570942,1,"[""CENTER"", ""CENTER"", ""CENTER"", ""CENTER""]","[""CENTER"", ""CENTER"", ""CENTER"", ""CENTER""]","{""road_phase"": ""HIGHWAY"", ""front_car_present"": 0, ""right_car_present"": 0, ""right_car_position"": ""NONE"", ""cross_left_car_present"": 0, ""cross_right_car_present"": 0}",NONE,,257.72695103660226,1,1
llm_inference,13800000000,13800.0,14176.431899,13800000000,0,376.43189899999925,1,1,1,1,1,1,3379.502390022994,87.18721480574396,1,"[""CENTER"", ""CENTER"", ""CENTER"", ""CENTER""]","[""CENTER"", ""CENTER"", ""CENTER"", ""CENTER""]","{""road_phase"": ""HIGHWAY"", ""front_car_present"": 0, ""right_car_present"": 0, ""right_car_position"": ""NONE"", ""cross_left_car_present"": 0, ""cross_right_car_present"": 0}",NONE,,252.69019999541342,1,1
llm_inference,14200000000,14200.0,14546.521827,14200000000,0,346.5218270000005,1,1,1,1,1,1,3333.0159385074458,85.07703342506814,1,"[""CENTER"", ""CENTER"", ""CENTER"", ""CENTER""]","[""CENTER"", ""CENTER"", ""CENTER"", ""CENTER""]","{""road_phase"": ""HIGHWAY"", ""front_car_present"": 0, ""right_car_present"": 0, ""right_car_position"": ""NONE"", ""cross_left_car_present"": 0, ""cross_right_car_present"": 0}",NONE,,257.7474759891629,1,1
llm_inference,14600000000,14600.0,14946.393925,14600000000,0,346.3939250000003,1,1,1,1,1,1,3295.826777295007,83.4598683369322,1,"[""CENTER"", ""CENTER"", ""CENTER"", ""CENTER""]","[""CENTER"", ""CENTER"", ""CENTER"", ""CENTER""]","{""road_phase"": ""HIGHWAY"", ""front_car_present"": 0, ""right_car_present"": 0, ""right_car_position"": ""NONE"", ""cross_left_car_present"": 0, ""cross_right_car_present"": 0}",NONE,,258.51840409450233,1,1
llm_inference,15000000000,15000.0,15342.262875,15000000000,0,342.26287500000035,1,1,1,1,1,1,3258.6376160825685,81.90200576183175,1,"[""CENTER"", ""CENTER"", ""CENTER"", ""CENTER""]","[""CENTER"", ""CENTER"", ""CENTER"", ""CENTER""]","{""road_phase"": ""HIGHWAY"", ""front_car_present"": 0, ""right_car_present"": 0, ""right_car_position"": ""NONE"", ""cross_left_car_present"": 0, ""cross_right_car_present"": 0}",NONE,,253.64060210995376,1,1
llm_inference,15400000000,15400.0,15755.185268,15400000000,0,355.18526799999927,1,1,1,1,1,1,3221.44845487013,80.4002166965684,1,"[""CENTER"", ""CENTER"", ""CENTER"", ""CENTER""]","[""CENTER"", ""CENTER"", ""CENTER"", ""CENTER""]","{""road_phase"": ""HIGHWAY"", ""front_car_present"": 0, ""right_car_present"": 0, ""right_car_position"": ""NONE"", ""cross_left_car_present"": 0, ""cross_right_car_present"": 0}",NONE,,262.20453903079033,1,1
llm_inference,15800000000,15800.0,16149.376972,15800000000,0,349.376972,1,1,1,1,1,1,3184.259293657691,78.95150262123514,1,"[""CENTER"", ""CENTER"", ""CENTER"", ""CENTER""]","[""CENTER"", ""CENTER"", ""CENTER"", ""CENTER""]","{""road_phase"": ""HIGHWAY"", ""front_car_present"": 0, ""right_car_present"": 0, ""right_car_position"": ""NONE"", ""cross_left_car_present"": 0, ""cross_right_car_present"": 0}",NONE,,260.81781717948616,1,1
llm_inference,16200000000,16200.0,16540.168349,16200000000,0,340.1683489999996,1,1,1,1,1,1,3147.0701324452525,77.55307527798648,1,"[""CENTER"", ""CENTER"", ""CENTER"", ""CENTER""]","[""CENTER"", ""CENTER"", ""CENTER"", ""CENTER""]","{""road_phase"": ""HIGHWAY"", ""front_car_present"": 0, ""right_car_present"": 0, ""right_car_position"": ""NONE"", ""cross_left_car_present"": 0, ""cross_right_car_present"": 0}",WARNING,Increase speed.,251.43222487531602,1,1
llm_inference,16600000000,16600.0,16979.313859,16600000000,0,379.3138590000017,1,1,1,1,1,1,3109.880971232814,79.0699776335188,1,"[""CENTER"", ""CENTER"", ""CENTER"", ""CENTER""]","[""CENTER"", ""CENTER"", ""CENTER"", ""CENTER""]","{""road_phase"": ""HIGHWAY"", ""front_car_present"": 0, ""right_car_present"": 0, ""right_car_position"": ""NONE"", ""cross_left_car_present"": 0, ""cross_right_car_present"": 0}",WARNING,Increase speed.,289.98024901375175,1,1
llm_inference,17000000000,17000.0,17339.169253,17000000000,0,339.169253,1,1,1,1,1,1,3072.691810020375,83.24225918086532,1,"[""CENTER"", ""CENTER"", ""CENTER"", ""CENTER""]","[""CENTER"", ""CENTER"", ""CENTER"", ""CENTER""]","{""road_phase"": ""HIGHWAY"", ""front_car_present"": 0, ""right_car_present"": 0, ""right_car_position"": ""NONE"", ""cross_left_car_present"": 0, ""cross_right_car_present"": 0}",NONE,,250.1070110592991,1,1
llm_inference,17400000000,17400.0,17765.98513,17400000000,0,365.98513000000094,1,1,1,1,1,1,3035.5026488079366,81.6922913895399,1,"[""CENTER"", ""CENTER"", ""CENTER"", ""CENTER""]","[""CENTER"", ""CENTER"", ""CENTER"", ""CENTER""]","{""road_phase"": ""HIGHWAY"", ""front_car_present"": 0, ""right_car_present"": 0, ""right_car_position"": ""NONE"", ""cross_left_car_present"": 0, ""cross_right_car_present"": 0}",NONE,,255.47762494534254,1,1
llm_inference,17800000000,17800.0,18154.953621,17800000000,0,354.95362100000057,1,1,1,1,1,1,2998.313487595498,80.19797169742615,1,"[""CENTER"", ""CENTER"", ""CENTER"", ""CENTER""]","[""CENTER"", ""CENTER"", ""CENTER"", ""CENTER""]","{""road_phase"": ""HIGHWAY"", ""front_car_present"": 0, ""right_car_present"": 0, ""right_car_position"": ""NONE"", ""cross_left_car_present"": 0, ""cross_right_car_present"": 0}",NONE,,266.3587308488786,1,1
llm_inference,18200000000,18200.0,18554.446808,18200000000,0,354.4468080000006,1,1,1,1,1,1,2961.1243263830593,78.75633163954542,1,"[""CENTER"", ""CENTER"", ""CENTER"", ""CENTER""]","[""CENTER"", ""CENTER"", ""CENTER"", ""CENTER""]","{""road_phase"": ""HIGHWAY"", ""front_car_present"": 0, ""right_car_present"": 0, ""right_car_position"": ""NONE"", ""cross_left_car_present"": 0, ""cross_right_car_present"": 0}",NONE,,266.1775411106646,1,1
llm_inference,18600000000,18600.0,18947.55337,18600000000,0,347.55337000000145,1,1,1,1,1,1,2923.9351651706206,77.3646104027194,1,"[""CENTER"", ""CENTER"", ""CENTER"", ""CENTER""]","[""CENTER"", ""CENTER"", ""CENTER"", ""CENTER""]","{""road_phase"": ""HIGHWAY"", ""front_car_present"": 0, ""right_car_present"": 0, ""right_car_position"": ""NONE"", ""cross_left_car_present"": 0, ""cross_right_car_present"": 0}",WARNING,Increase speed.,260.1844510063529,1,1
llm_inference,19000000000,19000.0,19360.548972,19000000000,0,360.5489720000005,1,1,1,1,1,1,2886.6974588352778,76.02023696553287,2,"[""CENTER"", ""CENTER"", ""CENTER"", ""CENTER""]","[""CENTER"", ""CENTER"", ""CENTER"", ""CENTER""]","{""road_phase"": ""HIGHWAY"", ""front_car_present"": 0, ""right_car_present"": 0, ""right_car_position"": ""NONE"", ""cross_left_car_present"": 0, ""cross_right_car_present"": 0}",WARNING,Increase speed.,272.0109079964459,1,1
llm_inference,19400000000,19400.0,19767.026932,19400000000,0,367.02693200000067,1,1,1,1,1,1,2849.709059105149,74.7208140516962,2,"[""CENTER"", ""CENTER"", ""CENTER"", ""CENTER""]","[""CENTER"", ""CENTER"", ""CENTER"", ""CENTER""]","{""road_phase"": ""HIGHWAY"", ""front_car_present"": 0, ""right_car_present"": 0, ""right_car_position"": ""NONE"", ""cross_left_car_present"": 0, ""cross_right_car_present"": 0}",WARNING,Increase speed.,261.2038068473339,1,1
llm_inference,19800000000,19800.0,20155.16453,19800000000,0,355.1645299999982,1,1,1,1,1,1,2813.1523900057673,73.46410368545544,1,"[""CENTER"", ""CENTER"", ""CENTER"", ""CENTER""]","[""CENTER"", ""CENTER"", ""CENTER"", ""CENTER""]","{""road_phase"": ""HIGHWAY"", ""front_car_present"": 0, ""right_car_present"": 0, ""right_car_position"": ""NONE"", ""cross_left_car_present"": 0, ""cross_right_car_present"": 0}",WARNING,Increase speed.,267.0990778133273,1,1
llm_inference,20200000000,20200.0,20561.915353,20200000000,0,361.9153530000003,1,1,1,1,1,1,2776.7544726051165,72.24801416540252,0,"[""CENTER"", ""CENTER"", ""CENTER"", ""CENTER""]","[""CENTER"", ""CENTER"", ""CENTER"", ""CENTER""]","{""road_phase"": ""HIGHWAY"", ""front_car_present"": 0, ""right_car_present"": 0, ""right_car_position"": ""NONE"", ""cross_left_car_present"": 0, ""cross_right_car_present"": 0}",NONE,,273.56314985081553,1,1
llm_inference,20600000000,20600.0,20949.023075,20600000000,0,349.023075000001,1,1,1,1,1,1,2739.891068330161,71.07058829672039,1,"[""CENTER"", ""CENTER"", ""CENTER"", ""CENTER""]","[""CENTER"", ""CENTER"", ""CENTER"", ""CENTER""]","{""road_phase"": ""HIGHWAY"", ""front_car_present"": 0, ""right_car_present"": 0, ""right_car_position"": ""NONE"", ""cross_left_car_present"": 0, ""cross_right_car_present"": 0}",WARNING,Increase speed.,259.67927393503487,1,1
llm_inference,21000000000,21000.0,21342.385386,21000000000,0,342.38538600000174,1,1,1,1,1,1,2702.715861081554,69.37296488811234,1,"[""CENTER"", ""CENTER"", ""CENTER"", ""CENTER""]","[""CENTER"", ""CENTER"", ""CENTER"", ""CENTER""]","{""road_phase"": ""HIGHWAY"", ""front_car_present"": 0, ""right_car_present"": 0, ""right_car_position"": ""NONE"", ""cross_left_car_present"": 0, ""cross_right_car_present"": 0}",WARNING,Increase speed.,252.10584793239832,1,1
llm_inference,21400000000,21400.0,21753.726409,21400000000,0,353.72640899999897,1,1,1,1,1,1,2665.5965390202355,68.28442470289735,1,"[""CENTER"", ""CENTER"", ""CENTER"", ""CENTER""]","[""CENTER"", ""CENTER"", ""CENTER"", ""CENTER""]","{""road_phase"": ""HIGHWAY"", ""front_car_present"": 0, ""right_car_present"": 0, ""right_car_position"": ""NONE"", ""cross_left_car_present"": 0, ""cross_right_car_present"": 0}",WARNING,Increase speed.,250.30443398281932,1,1
llm_inference,21800000000,21800.0,22175.982976,21800000000,0,375.9829759999993,1,1,1,1,1,1,2628.477679368625,67.22861218701587,1,"[""CENTER"", ""CENTER"", ""CENTER"", ""CENTER""]","[""CENTER"", ""CENTER"", ""CENTER"", ""CENTER""]","{""road_phase"": ""HIGHWAY"", ""front_car_present"": 0, ""right_car_present"": 0, ""right_car_position"": ""NONE"", ""cross_left_car_present"": 0, ""cross_right_car_present"": 0}",WARNING,Increase speed.,286.2595778424293,1,1
llm_inference,22200000000,22200.0,22542.477175,22200000000,0,342.477175,1,1,1,1,1,1,2591.2800195972127,68.59462294940508,1,"[""CENTER"", ""CENTER"", ""CENTER"", ""CENTER""]","[""CENTER"", ""CENTER"", ""CENTER"", ""CENTER""]","{""road_phase"": ""HIGHWAY"", ""front_car_present"": 0, ""right_car_present"": 0, ""right_car_position"": ""NONE"", ""cross_left_car_present"": 0, ""cross_right_car_present"": 0}",WARNING,Increase speed.,250.15322398394346,1,1
llm_inference,22600000000,22600.0,22941.113348,22600000000,0,341.11334799999895,1,1,1,1,1,1,2554.0266621777464,70.93000930617029,1,"[""CENTER"", ""CENTER"", ""CENTER"", ""CENTER""]","[""CENTER"", ""CENTER"", ""CENTER"", ""CENTER""]","{""road_phase"": ""HIGHWAY"", ""front_car_present"": 0, ""right_car_present"": 0, ""right_car_position"": ""NONE"", ""cross_left_car_present"": 0, ""cross_right_car_present"": 0}",WARNING,Increase speed.,251.09338713809848,1,1
llm_inference,23000000000,23000.0,23333.380834,23000000000,0,333.3808339999996,1,1,1,1,1,1,2516.753228203447,71.83774147040764,1,"[""CENTER"", ""CENTER"", ""CENTER"", ""CENTER""]","[""CENTER"", ""CENTER"", ""CENTER"", ""CENTER""]","{""road_phase"": ""HIGHWAY"", ""front_car_present"": 0, ""right_car_present"": 0, ""right_car_position"": ""NONE"", ""cross_left_car_present"": 0, ""cross_right_car_present"": 0}",WARNING,Increase speed.,244.69294003210962,1,1
llm_inference,23400000000,23400.0,23758.665313,23400000000,0,358.66531300000133,1,1,1,1,1,1,2479.55128530002,74.9586274199411,1,"[""CENTER"", ""CENTER"", ""CENTER"", ""CENTER""]","[""CENTER"", ""CENTER"", ""CENTER"", ""CENTER""]","{""road_phase"": ""HIGHWAY"", ""front_car_present"": 0, ""right_car_present"": 0, ""right_car_position"": ""NONE"", ""cross_left_car_present"": 0, ""cross_right_car_present"": 0}",WARNING,Increase speed.,256.81456504389644,1,1
llm_inference,23800000000,23800.0,24172.273459,23800000000,0,372.273459,1,1,1,1,1,1,2442.379721891177,79.38171166139284,1,"[""CENTER"", ""CENTER"", ""CENTER"", ""CENTER""]","[""CENTER"", ""CENTER"", ""CENTER"", ""CENTER""]","{""road_phase"": ""HIGHWAY"", ""front_car_present"": 0, ""right_car_present"": 0, ""right_car_position"": ""NONE"", ""cross_left_car_present"": 0, ""cross_right_car_present"": 0}",WARNING,Increase speed.,283.21034112013876,1,1
llm_inference,24200000000,24200.0,24549.945528,24200000000,0,349.9455280000002,1,1,1,1,1,1,2405.2635924110878,81.02468979055966,1,"[""CENTER"", ""CENTER"", ""CENTER"", ""CENTER""]","[""CENTER"", ""CENTER"", ""CENTER"", ""CENTER""]","{""road_phase"": ""HIGHWAY"", ""front_car_present"": 0, ""right_car_present"": 0, ""right_car_position"": ""NONE"", ""cross_left_car_present"": 0, ""cross_right_car_present"": 0}",NONE,,260.31504990532994,1,1
llm_inference,24600000000,24600.0,24947.861387,24600000000,0,347.86138700000083,1,1,1,1,1,1,2368.0799885335205,79.5540230218176,0,"[""CENTER"", ""CENTER"", ""CENTER"", ""CENTER""]","[""CENTER"", ""CENTER"", ""CENTER"", ""CENTER""]","{""road_phase"": ""HIGHWAY"", ""front_car_present"": 0, ""right_car_present"": 0, ""right_car_position"": ""NONE"", ""cross_left_car_present"": 0, ""cross_right_car_present"": 0}",NONE,,259.2840939760208,1,1
llm_inference,25000000000,25000.0,25356.31767,25000000000,0,356.31767000000036,1,1,1,1,1,1,2330.8324567596246,78.13479030638838,1,"[""CENTER"", ""CENTER"", ""CENTER"", ""CENTER""]","[""CENTER"", ""CENTER"", ""CENTER"", ""CENTER""]","{""road_phase"": ""HIGHWAY"", ""front_car_present"": 0, ""right_car_present"": 0, ""right_car_position"": ""NONE"", ""cross_left_car_present"": 0, ""cross_right_car_present"": 0}",WARNING,Increase speed.,266.6307860054076,1,1
llm_inference,25400000000,25400.0,25752.176246,25400000000,0,352.1762459999991,1,1,1,1,1,1,2293.647011558883,76.76431686366288,1,"[""CENTER"", ""CENTER"", ""CENTER"", ""CENTER""]","[""CENTER"", ""CENTER"", ""CENTER"", ""CENTER""]","{""road_phase"": ""HIGHWAY"", ""front_car_present"": 0, ""right_car_present"": 0, ""right_car_position"": ""NONE"", ""cross_left_car_present"": 0, ""cross_right_car_present"": 0}",WARNING,Increase speed.,249.82727086171508,1,1
llm_inference,25800000000,25800.0,26162.300412,25800000000,0,362.3004120000005,1,1,1,1,1,1,2256.4615514114425,75.44011039713322,1,"[""CENTER"", ""CENTER"", ""CENTER"", ""CENTER""]","[""CENTER"", ""CENTER"", ""CENTER"", ""CENTER""]","{""road_phase"": ""HIGHWAY"", ""front_car_present"": 0, ""right_car_present"": 0, ""right_car_position"": ""NONE"", ""cross_left_car_present"": 0, ""cross_right_car_present"": 0}",WARNING,Increase speed.,262.94113020412624,1,1
llm_inference,26200000000,26200.0,26553.412186,26200000000,0,353.4121860000014,1,1,1,1,1,1,2219.276079744027,74.15984578064428,1,"[""CENTER"", ""CENTER"", ""CENTER"", ""CENTER""]","[""CENTER"", ""CENTER"", ""CENTER"", ""CENTER""]","{""road_phase"": ""HIGHWAY"", ""front_car_present"": 0, ""right_car_present"": 0, ""right_car_position"": ""NONE"", ""cross_left_car_present"": 0, ""cross_right_car_present"": 0}",WARNING,Increase speed.,264.566294150427,1,1
llm_inference,26600000000,26600.0,26958.354429,26600000000,0,358.3544289999991,1,1,1,1,1,1,2182.090599212367,72.9213512623055,1,"[""CENTER"", ""CENTER"", ""CENTER"", ""CENTER""]","[""CENTER"", ""CENTER"", ""CENTER"", ""CENTER""]","{""road_phase"": ""HIGHWAY"", ""front_car_present"": 0, ""right_car_present"": 0, ""right_car_position"": ""NONE"", ""cross_left_car_present"": 0, ""cross_right_car_present"": 0}",WARNING,Increase speed.,251.72813888639212,1,1
llm_inference,27000000000,27000.0,27421.121781,27000000000,0,421.12178100000165,1,1,1,1,1,1,2163.4978562851175,71.7225960133455,1,"[""CENTER"", ""CENTER"", ""CENTER"", ""CENTER""]","[""CENTER"", ""CENTER"", ""CENTER"", ""CENTER""]","{""road_phase"": ""HIGHWAY"", ""front_car_present"": 0, ""right_car_present"": 0, ""right_car_position"": ""NONE"", ""cross_left_car_present"": 0, ""cross_right_car_present"": 0}",NONE,,296.58192791976035,1,1
llm_inference,27400000000,27400.0,27779.298041,27400000000,0,379.2980409999982,1,1,1,1,1,1,2116.9611993502226,70.56167887130596,1,"[""CENTER"", ""CENTER"", ""CENTER"", ""CENTER""]","[""CENTER"", ""CENTER"", ""CENTER"", ""CENTER""]","{""road_phase"": ""HIGHWAY"", ""front_car_present"": 0, ""right_car_present"": 0, ""right_car_position"": ""NONE"", ""cross_left_car_present"": 0, ""cross_right_car_present"": 0}",NONE,,255.44197694398463,1,1
llm_inference,27800000000,27800.0,28152.980831,27800000000,0,352.98083100000076,1,1,1,1,1,1,2070.445653046875,69.43681814595173,0,"[""CENTER"", ""CENTER"", ""CENTER"", ""CENTER""]","[""CENTER"", ""CENTER"", ""CENTER"", ""CENTER""]","{""road_phase"": ""HIGHWAY"", ""front_car_present"": 0, ""right_car_present"": 0, ""right_car_position"": ""NONE"", ""cross_left_car_present"": 0, ""cross_right_car_present"": 0}",WARNING,Increase speed.,262.66985503025353,1,1
llm_inference,28200000000,28200.0,28533.519978,28200000000,0,333.51997800000026,1,1,1,1,1,1,2033.0642650164964,68.34634237260093,1,"[""CENTER"", ""CENTER"", ""CENTER"", ""CENTER""]","[""CENTER"", ""CENTER"", ""CENTER"", ""CENTER""]","{""road_phase"": ""HIGHWAY"", ""front_car_present"": 0, ""right_car_present"": 0, ""right_car_position"": ""NONE"", ""cross_left_car_present"": 0, ""cross_right_car_present"": 0}",WARNING,Increase speed.,243.35238989442587,1,1
llm_inference,28600000000,28600.0,28988.36888,28600000000,0,388.3688800000018,1,1,1,1,1,1,2005.1939988618574,67.28868191166295,1,"[""CENTER"", ""CENTER"", ""CENTER"", ""CENTER""]","[""CENTER"", ""CENTER"", ""CENTER"", ""CENTER""]","{""road_phase"": ""HIGHWAY"", ""front_car_present"": 0, ""right_car_present"": 0, ""right_car_position"": ""NONE"", ""cross_left_car_present"": 0, ""cross_right_car_present"": 0}",WARNING,Increase speed.,263.64016719162464,1,1
llm_inference,29000000000,29000.0,29343.903987,29000000000,0,343.9039870000015,1,1,1,1,1,1,1958.7438970540536,67.94023044797603,1,"[""CENTER"", ""CENTER"", ""CENTER"", ""CENTER""]","[""CENTER"", ""CENTER"", ""CENTER"", ""CENTER""]","{""road_phase"": ""HIGHWAY"", ""front_car_present"": 0, ""right_car_present"": 0, ""right_car_position"": ""NONE"", ""cross_left_car_present"": 0, ""cross_right_car_present"": 0}",WARNING,Increase speed.,254.3236119672656,1,1
llm_inference,29400000000,29400.0,29760.080671,29400000000,0,360.0806709999997,1,1,1,1,1,1,1921.5833291699519,72.58876030651045,1,"[""CENTER"", ""CENTER"", ""CENTER"", ""CENTER""]","[""CENTER"", ""CENTER"", ""CENTER"", ""CENTER""]","{""road_phase"": ""HIGHWAY"", ""front_car_present"": 0, ""right_car_present"": 0, ""right_car_position"": ""NONE"", ""cross_left_car_present"": 0, ""cross_right_car_present"": 0}",WARNING,Increase speed.,255.48503920435905,1,1
llm_inference,29800000000,29800.0,30155.903098,29800000000,0,355.90309799999886,1,1,1,1,1,1,1884.4224289681774,77.09032946907686,1,"[""CENTER"", ""CENTER"", ""CENTER"", ""CENTER""]","[""CENTER"", ""CENTER"", ""CENTER"", ""CENTER""]","{""road_phase"": ""HIGHWAY"", ""front_car_present"": 0, ""right_car_present"": 0, ""right_car_position"": ""NONE"", ""cross_left_car_present"": 0, ""cross_right_car_present"": 0}",NONE,,263.8866968918592,1,1
llm_inference,30200000000,30200.0,30545.08027,30200000000,0,345.08026999999856,1,1,1,1,1,1,1847.2612676080994,81.44076386532164,1,"[""CENTER"", ""CENTER"", ""CENTER"", ""CENTER""]","[""CENTER"", ""CENTER"", ""CENTER"", ""CENTER""]","{""road_phase"": ""HIGHWAY"", ""front_car_present"": 0, ""right_car_present"": 0, ""right_car_position"": ""NONE"", ""cross_left_car_present"": 0, ""cross_right_car_present"": 0}",NONE,,254.2363570537418,1,1
llm_inference,30600000000,30600.0,30947.684589,30600000000,0,347.6845890000004,1,1,1,1,1,1,1810.0999008425697,85.63690979542632,1,"[""CENTER"", ""CENTER"", ""CENTER"", ""CENTER""]","[""CENTER"", ""CENTER"", ""CENTER"", ""CENTER""]","{""road_phase"": ""HIGHWAY"", ""front_car_present"": 0, ""right_car_present"": 0, ""right_car_position"": ""NONE"", ""cross_left_car_present"": 0, ""cross_right_car_present"": 0}",NONE,,258.58448003418744,1,1
llm_inference,31000000000,31000.0,31347.306915,31000000000,0,347.306915000001,1,1,1,1,1,1,1772.938372373536,86.44472025787701,1,"[""CENTER"", ""CENTER"", ""CENTER"", ""CENTER""]","[""CENTER"", ""CENTER"", ""CENTER"", ""CENTER""]","{""road_phase"": ""HIGHWAY"", ""front_car_present"": 0, ""right_car_present"": 0, ""right_car_position"": ""NONE"", ""cross_left_car_present"": 0, ""cross_right_car_present"": 0}",NONE,,257.24169006571174,1,1
llm_inference,31400000000,31400.0,31744.490465,31400000000,0,344.49046499999895,1,1,1,1,1,1,1735.776716474511,84.77653165530936,1,"[""CENTER"", ""CENTER"", ""CENTER"", ""CENTER""]","[""CENTER"", ""CENTER"", ""CENTER"", ""CENTER""]","{""road_phase"": ""HIGHWAY"", ""front_car_present"": 0, ""right_car_present"": 0, ""right_car_position"": ""NONE"", ""cross_left_car_present"": 0, ""cross_right_car_present"": 0}",NONE,,244.77382004261017,1,1
llm_inference,31800000000,31800.0,32150.085347,31800000000,0,350.0853470000002,1,1,1,1,1,1,1698.483740686092,83.17047046410083,1,"[""CENTER"", ""CENTER"", ""CENTER"", ""CENTER""]","[""CENTER"", ""CENTER"", ""CENTER"", ""CENTER""]","{""road_phase"": ""HIGHWAY"", ""front_car_present"": 0, ""right_car_present"": 0, ""right_car_position"": ""NONE"", ""cross_left_car_present"": 0, ""cross_right_car_present"": 0}",NONE,,260.9811550937593,1,1
llm_inference,32200000000,32200.0,32544.153398,32200000000,0,344.15339799999856,1,1,1,1,1,1,1661.1997903221254,81.623102713305,1,"[""CENTER"", ""CENTER"", ""CENTER"", ""CENTER""]","[""CENTER"", ""CENTER"", ""CENTER"", ""CENTER""]","{""road_phase"": ""HIGHWAY"", ""front_car_present"": 0, ""right_car_present"": 0, ""right_car_position"": ""NONE"", ""cross_left_car_present"": 0, ""cross_right_car_present"": 0}",NONE,,254.8084498848766,1,1
llm_inference,32600000000,32600.0,32975.004643,32600000000,0,375.0046430000002,1,1,1,1,1,1,1633.3303749038928,80.1312431895848,1,"[""CENTER"", ""CENTER"", ""CENTER"", ""CENTER""]","[""CENTER"", ""CENTER"", ""CENTER"", ""CENTER""]","{""road_phase"": ""HIGHWAY"", ""front_car_present"": 0, ""right_car_present"": 0, ""right_car_position"": ""NONE"", ""cross_left_car_present"": 0, ""cross_right_car_present"": 0}",NONE,,250.2630369272083,1,1
llm_inference,33000000000,33000.0,33358.149526,33000000000,0,358.14952600000106,1,1,1,1,1,1,1586.947559017994,78.69193329378159,0,"[""CENTER"", ""CENTER"", ""CENTER"", ""CENTER""]","[""CENTER"", ""CENTER"", ""CENTER"", ""CENTER""]","{""road_phase"": ""HIGHWAY"", ""front_car_present"": 0, ""right_car_present"": 0, ""right_car_position"": ""NONE"", ""cross_left_car_present"": 0, ""cross_right_car_present"": 0}",WARNING,Increase speed.,268.95447401329875,1,1
llm_inference,33400000000,33400.0,33789.939493,33400000000,0,389.93949299999804,1,1,1,1,1,1,1550.4311797594928,77.30242122306154,1,"[""CENTER"", ""CENTER"", ""CENTER"", ""CENTER""]","[""CENTER"", ""CENTER"", ""CENTER"", ""CENTER""]","{""road_phase"": ""HIGHWAY"", ""front_car_present"": 0, ""right_car_present"": 0, ""right_car_position"": ""NONE"", ""cross_left_car_present"": 0, ""cross_right_car_present"": 0}",WARNING,Increase speed.,281.54642484150827,1,1
llm_inference,33800000000,33800.0,34139.402427,33800000000,0,339.4024270000009,1,1,1,1,1,1,1513.99539979493,75.96014419843276,2,"[""CENTER"", ""CENTER"", ""CENTER"", ""CENTER""]","[""CENTER"", ""CENTER"", ""CENTER"", ""CENTER""]","{""road_phase"": ""HIGHWAY"", ""front_car_present"": 0, ""right_car_present"": 0, ""right_car_position"": ""NONE"", ""cross_left_car_present"": 0, ""cross_right_car_present"": 0}",WARNING,Increase speed.,250.6831542123109,1,1
llm_inference,34200000000,34200.0,34546.34489,34200000000,0,346.3448900000003,1,1,1,1,1,1,1477.1658211299687,74.66271249537768,2,"[""CENTER"", ""CENTER"", ""CENTER"", ""CENTER""]","[""CENTER"", ""CENTER"", ""CENTER"", ""CENTER""]","{""road_phase"": ""HIGHWAY"", ""front_car_present"": 0, ""right_car_present"": 0, ""right_car_position"": ""NONE"", ""cross_left_car_present"": 0, ""cross_right_car_present"": 0}",WARNING,Increase speed.,256.962682120502,1,1
llm_inference,34600000000,34600.0,34946.007953,34600000000,0,346.00795300000027,1,1,1,1,1,1,1439.9629286216323,73.40789506760709,1,"[""CENTER"", ""CENTER"", ""CENTER"", ""CENTER""]","[""CENTER"", ""CENTER"", ""CENTER"", ""CENTER""]","{""road_phase"": ""HIGHWAY"", ""front_car_present"": 0, ""right_car_present"": 1, ""right_car_position"": ""RIGHT_REAR"", ""cross_left_car_present"": 0, ""cross_right_car_present"": 0}",WARNING,Increase speed.,255.86289796046913,1,1
llm_inference,35000000000,35000.0,35348.728507,35000000000,0,348.7285069999998,1,1,1,1,1,1,1402.7792963550633,72.19360658144804,1,"[""CENTER"", ""CENTER"", ""CENTER"", ""CENTER""]","[""CENTER"", ""CENTER"", ""CENTER"", ""CENTER""]","{""road_phase"": ""HIGHWAY"", ""front_car_present"": 0, ""right_car_present"": 1, ""right_car_position"": ""RIGHT_REAR"", ""cross_left_car_present"": 0, ""cross_right_car_present"": 0}",WARNING,Increase speed.,260.1666389964521,1,1
llm_inference,35400000000,35400.0,35751.730334,35400000000,0,351.73033399999986,1,1,1,1,1,1,1365.596161456573,71.01789570189318,1,"[""CENTER"", ""CENTER"", ""CENTER"", ""CENTER""]","[""CENTER"", ""CENTER"", ""CENTER"", ""CENTER""]","{""road_phase"": ""HIGHWAY"", ""front_car_present"": 0, ""right_car_present"": 1, ""right_car_position"": ""RIGHT_REAR"", ""cross_left_car_present"": 0, ""cross_right_car_present"": 0}",WARNING,Increase speed.,252.87632388062775,1,1
llm_inference,35800000000,35800.0,36156.411251,35800000000,0,356.4112509999977,1,1,1,1,1,1,1328.4129770149848,69.8789344915001,1,"[""CENTER"", ""CENTER"", ""CENTER"", ""CENTER""]","[""CENTER"", ""CENTER"", ""CENTER"", ""CENTER""]","{""road_phase"": ""HIGHWAY"", ""front_car_present"": 0, ""right_car_present"": 1, ""right_car_position"": ""RIGHT_REAR"", ""cross_left_car_present"": 0, ""cross_right_car_present"": 0}",WARNING,Increase speed.,267.34413602389395,1,1
llm_inference,36200000000,36200.0,36539.357475,36200000000,0,339.35747499999707,1,1,1,1,1,1,1291.1149102229315,68.77500880065526,1,"[""CENTER"", ""CENTER"", ""CENTER"", ""CENTER""]","[""CENTER"", ""CENTER"", ""CENTER"", ""CENTER""]","{""road_phase"": ""HIGHWAY"", ""front_car_present"": 0, ""right_car_present"": 1, ""right_car_position"": ""RIGHT_REAR"", ""cross_left_car_present"": 0, ""cross_right_car_present"": 0}",WARNING,Increase speed.,251.26004917547107,1,1
llm_inference,36600000000,36600.0,36954.932292,36600000000,0,354.9322919999977,1,1,1,1,1,1,1253.9265500942229,67.70450954264821,1,"[""CENTER"", ""CENTER"", ""CENTER"", ""CENTER""]","[""CENTER"", ""CENTER"", ""CENTER"", ""CENTER""]","{""road_phase"": ""HIGHWAY"", ""front_car_present"": 0, ""right_car_present"": 1, ""right_car_position"": ""RIGHT_REAR"", ""cross_left_car_present"": 0, ""cross_right_car_present"": 0}",WARNING,Increase speed.,266.2512839306146,1,1
llm_inference,37000000000,37000.0,37376.000065,37000000000,0,376.0000650000002,1,1,1,1,1,1,1226.0352581002076,66.66592475989883,1,"[""CENTER"", ""CENTER"", ""CENTER"", ""CENTER""]","[""CENTER"", ""CENTER"", ""CENTER"", ""CENTER""]","{""road_phase"": ""HIGHWAY"", ""front_car_present"": 0, ""right_car_present"": 1, ""right_car_position"": ""RIGHT_REAR"", ""cross_left_car_present"": 0, ""cross_right_car_present"": 0}",WARNING,Increase speed.,251.71162304468453,1,1
llm_inference,37400000000,37400.0,37764.60825,37400000000,0,364.6082499999975,1,1,1,1,1,1,1179.5497384083037,65.65783239884517,1,"[""CENTER"", ""CENTER"", ""CENTER"", ""CENTER""]","[""CENTER"", ""CENTER"", ""CENTER"", ""CENTER""]","{""road_phase"": ""HIGHWAY"", ""front_car_present"": 0, ""right_car_present"": 1, ""right_car_position"": ""RIGHT_REAR"", ""cross_left_car_present"": 0, ""cross_right_car_present"": 0}",WARNING,Increase speed.,257.42566492408514,1,1
llm_inference,37800000000,37800.0,38142.284629,37800000000,0,342.2846290000016,1,1,1,1,1,1,1142.2897759219227,64.83270188678068,1,"[""CENTER"", ""CENTER"", ""CENTER"", ""CENTER""]","[""CENTER"", ""CENTER"", ""CENTER"", ""CENTER""]","{""road_phase"": ""HIGHWAY"", ""front_car_present"": 0, ""right_car_present"": 1, ""right_car_position"": ""RIGHT_REAR"", ""cross_left_car_present"": 0, ""cross_right_car_present"": 0}",WARNING,Increase speed.,250.96461712382734,1,1
llm_inference,38200000000,38200.0,38542.233003,38200000000,0,342.2330030000012,1,1,1,1,1,1,1105.2516713773157,63.87730039887923,1,"[""CENTER"", ""CENTER"", ""CENTER"", ""CENTER""]","[""CENTER"", ""CENTER"", ""CENTER"", ""CENTER""]","{""road_phase"": ""HIGHWAY"", ""front_car_present"": 0, ""right_car_present"": 1, ""right_car_position"": ""RIGHT_REAR"", ""cross_left_car_present"": 0, ""cross_right_car_present"": 0}",WARNING,Increase speed.,253.1021861359477,1,1
llm_inference,38600000000,38600.0,38972.017401,38600000000,0,372.01740099999734,1,1,1,1,1,1,1068.3343458725058,62.948786134233096,1,"[""CENTER"", ""CENTER"", ""CENTER"", ""CENTER""]","[""CENTER"", ""CENTER"", ""CENTER"", ""CENTER""]","{""road_phase"": ""HIGHWAY"", ""front_car_present"": 0, ""right_car_present"": 1, ""right_car_position"": ""RIGHT_REAR"", ""cross_left_car_present"": 0, ""cross_right_car_present"": 0}",WARNING,Increase speed.,282.4477159883827,1,1
llm_inference,39000000000,39000.0,39336.874487,39000000000,0,336.87448700000095,1,1,1,1,1,1,1031.3981064865588,62.04602590068119,0,"[""CENTER"", ""CENTER"", ""CENTER"", ""CENTER""]","[""CENTER"", ""CENTER"", ""CENTER"", ""CENTER""]","{""road_phase"": ""HIGHWAY"", ""front_car_present"": 0, ""right_car_present"": 0, ""right_car_position"": ""NONE"", ""cross_left_car_present"": 0, ""cross_right_car_present"": 0}",WARNING,Increase speed.,248.45882994122803,1,1
llm_inference,39400000000,39400.0,39772.721297,39400000000,0,372.7212969999964,1,1,1,1,1,1,994.2833010040026,61.16794934827084,1,"[""CENTER"", ""CENTER"", ""CENTER"", ""CENTER""]","[""CENTER"", ""CENTER"", ""CENTER"", ""CENTER""]","{""road_phase"": ""LANE_CHANGE"", ""front_car_present"": 0, ""right_car_present"": 0, ""right_car_position"": ""NONE"", ""cross_left_car_present"": 0, ""cross_right_car_present"": 0}",WARNING,Increase speed.,271.5240188408643,1,1
llm_inference,39800000000,39800.0,40145.392371,39800000000,0,345.39237100000173,1,1,1,1,1,1,957.2344119759127,61.7535446696465,1,"[""CENTER"", ""CENTER"", ""CENTER"", ""CENTER""]","[""CENTER"", ""CENTER"", ""CENTER"", ""CENTER""]","{""road_phase"": ""LANE_CHANGE"", ""front_car_present"": 0, ""right_car_present"": 0, ""right_car_position"": ""NONE"", ""cross_left_car_present"": 0, ""cross_right_car_present"": 0}",NONE,,255.0596259534359,1,1
llm_inference,40200000000,40200.0,40549.534092,40200000000,0,349.5340920000017,1,1,1,1,1,1,920.1855237967297,66.58327227339159,1,"[""CENTER"", ""CENTER"", ""CENTER"", ""CENTER""]","[""CENTER"", ""CENTER"", ""CENTER"", ""CENTER""]","{""road_phase"": ""LANE_CHANGE"", ""front_car_present"": 0, ""right_car_present"": 0, ""right_car_position"": ""NONE"", ""cross_left_car_present"": 0, ""cross_right_car_present"": 0}",NONE,,259.3843119684607,1,1
llm_inference,40600000000,40600.0,40935.662262,40600000000,0,335.662261999998,1,1,1,1,1,1,883.1366366336811,71.27295354383712,1,"[""CENTER"", ""CENTER"", ""CENTER"", ""CENTER""]","[""CENTER"", ""CENTER"", ""CENTER"", ""CENTER""]","{""road_phase"": ""LANE_CHANGE"", ""front_car_present"": 0, ""right_car_present"": 0, ""right_car_position"": ""NONE"", ""cross_left_car_present"": 0, ""cross_right_car_present"": 0}",NONE,,246.51765683665872,1,1
llm_inference,41000000000,41000.0,41364.239978,41000000000,0,364.2399779999978,1,1,1,1,1,1,845.8961005586975,75.81706114127626,1,"[""CENTER"", ""CENTER"", ""CENTER"", ""CENTER""]","[""CENTER"", ""CENTER"", ""CENTER"", ""CENTER""]","{""road_phase"": ""LANE_CHANGE"", ""front_car_present"": 0, ""right_car_present"": 0, ""right_car_position"": ""NONE"", ""cross_left_car_present"": 0, ""cross_right_car_present"": 0}",NONE,,261.8548001628369,1,1
llm_inference,41400000000,41400.0,41763.599452,41400000000,0,363.5994520000022,1,1,1,1,1,1,808.6746256211759,80.2111230363728,1,"[""CENTER"", ""CENTER"", ""CENTER"", ""CENTER""]","[""CENTER"", ""CENTER"", ""CENTER"", ""CENTER""]","{""road_phase"": ""LANE_CHANGE"", ""front_car_present"": 0, ""right_car_present"": 0, ""right_car_position"": ""NONE"", ""cross_left_car_present"": 0, ""cross_right_car_present"": 0}",NONE,,264.78651398792863,1,1
llm_inference,41800000000,41800.0,42145.104618,41800000000,0,345.1046179999976,1,1,1,1,1,1,771.4244599440981,84.45169712098757,1,"[""CENTER"", ""CENTER"", ""CENTER"", ""CENTER""]","[""CENTER"", ""CENTER"", ""CENTER"", ""CENTER""]","{""road_phase"": ""LANE_CHANGE"", ""front_car_present"": 0, ""right_car_present"": 0, ""right_car_position"": ""NONE"", ""cross_left_car_present"": 0, ""cross_right_car_present"": 0}",WARNING,Increase speed.,255.3109738510102,1,1
llm_inference,42200000000,42200.0,42559.733353,42200000000,0,359.73335300000326,1,1,1,1,1,1,734.240063357624,88.5363338272566,1,"[""CENTER"", ""CENTER"", ""CENTER"", ""CENTER""]","[""CENTER"", ""CENTER"", ""CENTER"", ""CENTER""]","{""road_phase"": ""LANE_CHANGE"", ""front_car_present"": 0, ""right_car_present"": 0, ""right_car_position"": ""NONE"", ""cross_left_car_present"": 0, ""cross_right_car_present"": 0}",WARNING,Increase speed.,267.07509183324873,1,1
llm_inference,42600000000,42600.0,42940.475544,42600000000,0,340.4755440000008,1,1,1,1,1,1,697.0556662694298,92.46352852636709,1,"[""CENTER"", ""CENTER"", ""CENTER"", ""CENTER""]","[""CENTER"", ""LEFT"", ""LEFT"", ""LEFT""]","{""road_phase"": ""LANE_CHANGE"", ""front_car_present"": 0, ""right_car_present"": 0, ""right_car_position"": ""NONE"", ""cross_left_car_present"": 0, ""cross_right_car_present"": 0}",NONE,,250.96927001141012,1,1
llm_inference,43000000000,43000.0,43340.138865,43000000000,0,340.1388650000008,1,1,1,1,1,1,659.8712687622788,96.23266554508456,1,"[""CENTER"", ""CENTER"", ""CENTER"", ""CENTER""]","[""LEFT"", ""LEFT"", ""LEFT"", ""LEFT""]","{""road_phase"": ""LANE_CHANGE"", ""front_car_present"": 0, ""right_car_present"": 0, ""right_car_position"": ""NONE"", ""cross_left_car_present"": 0, ""cross_right_car_present"": 0}",WARNING,Increase speed.,250.13988185673952,1,1
llm_inference,43400000000,43400.0,43767.844104,43400000000,0,367.8441040000034,1,1,1,1,1,1,622.6868709038727,99.84395563978599,1,"[""CENTER"", ""CENTER"", ""CENTER"", ""CENTER""]","[""LEFT"", ""LEFT"", ""LEFT"", ""LEFT""]","{""road_phase"": ""LANE_CHANGE"", ""front_car_present"": 0, ""right_car_present"": 0, ""right_car_position"": ""NONE"", ""cross_left_car_present"": 0, ""cross_right_car_present"": 0}",WARNING,Reduce speed.,266.7271939571947,1,1
llm_inference,43800000000,43800.0,44198.915956,43800000000,0,398.9159559999971,1,1,1,1,1,1,585.5024727498276,103.29836871314964,1,"[""CENTER"", ""CENTER"", ""CENTER"", ""CENTER""]","[""LEFT"", ""LEFT"", ""LEFT"", ""LEFT""]","{""road_phase"": ""LANE_CHANGE"", ""front_car_present"": 0, ""right_car_present"": 0, ""right_car_position"": ""NONE"", ""cross_left_car_present"": 0, ""cross_right_car_present"": 0}",NONE,,310.17447798512876,1,1
llm_inference,44200000000,44200.0,44584.498688,44200000000,0,384.4986879999997,1,1,1,1,1,1,548.3180743460002,106.59756345764201,1,"[""CENTER"", ""CENTER"", ""CENTER"", ""CENTER""]","[""LEFT"", ""LEFT"", ""LEFT"", ""LEFT""]","{""road_phase"": ""LANE_CHANGE"", ""front_car_present"": 0, ""right_car_present"": 0, ""right_car_position"": ""NONE"", ""cross_left_car_present"": 0, ""cross_right_car_present"": 0}",WARNING,Look right before changing lanes.,272.5593391805887,1,1
llm_inference,44600000000,44600.0,44940.278759,44600000000,0,340.2787590000007,1,1,1,1,1,1,511.1336757303834,109.74381547297837,1,"[""CENTER"", ""CENTER"", ""CENTER"", ""CENTER""]","[""LEFT"", ""LEFT"", ""LEFT"", ""LEFT""]","{""road_phase"": ""LANE_CHANGE"", ""front_car_present"": 0, ""right_car_present"": 0, ""right_car_position"": ""NONE"", ""cross_left_car_present"": 0, ""cross_right_car_present"": 0}",WARNING,Increase speed.,251.28727406263351,1,1
llm_inference,45000000000,45000.0,45355.7222,45000000000,0,355.7221999999965,1,1,1,1,1,1,473.9492769345484,112.5255253113761,1,"[""CENTER"", ""CENTER"", ""CENTER"", ""CENTER""]","[""LEFT"", ""LEFT"", ""LEFT"", ""LEFT""]","{""road_phase"": ""LANE_CHANGE"", ""front_car_present"": 0, ""right_car_present"": 0, ""right_car_position"": ""NONE"", ""cross_left_car_present"": 0, ""cross_right_car_present"": 0}",NONE,,267.4830509349704,1,1
llm_inference,45400000000,45400.0,45782.354759,45400000000,0,382.35475900000165,1,1,1,1,1,1,436.7648779848528,109.73260602719995,1,"[""CENTER"", ""CENTER"", ""CENTER"", ""CENTER""]","[""LEFT"", ""LEFT"", ""LEFT"", ""CENTER""]","{""road_phase"": ""LANE_CHANGE"", ""front_car_present"": 0, ""right_car_present"": 0, ""right_car_position"": ""NONE"", ""cross_left_car_present"": 0, ""cross_right_car_present"": 0}",NONE,,274.95287102647126,1,1
llm_inference,45800000000,45800.0,46155.507912,45800000000,0,355.50791200000094,1,1,1,1,1,1,399.5362495262257,107.07386186930168,0,"[""CENTER"", ""CENTER"", ""CENTER"", ""CENTER""]","[""CENTER"", ""CENTER"", ""CENTER"", ""CENTER""]","{""road_phase"": ""LANE_CHANGE"", ""front_car_present"": 0, ""right_car_present"": 0, ""right_car_position"": ""NONE"", ""cross_left_car_present"": 0, ""cross_right_car_present"": 0}",NONE,,261.74945617094636,1,1
llm_inference,46200000000,46200.0,46551.025731,46200000000,0,351.02573100000154,1,1,1,1,1,1,362.5815088928439,104.5397973951971,1,"[""CENTER"", ""CENTER"", ""CENTER"", ""CENTER""]","[""CENTER"", ""CENTER"", ""CENTER"", ""CENTER""]","{""road_phase"": ""LANE_CHANGE"", ""front_car_present"": 0, ""right_car_present"": 0, ""right_car_position"": ""NONE"", ""cross_left_car_present"": 0, ""cross_right_car_present"": 0}",NONE,,261.3781290128827,1,1
llm_inference,46600000000,46600.0,46966.249719,46600000000,0,366.24971899999946,1,1,1,1,1,1,325.5981045340668,102.12179368481476,2,"[""CENTER"", ""CENTER"", ""CENTER"", ""CENTER""]","[""CENTER"", ""CENTER"", ""CENTER"", ""CENTER""]","{""road_phase"": ""LANE_CHANGE"", ""front_car_present"": 0, ""right_car_present"": 0, ""right_car_position"": ""NONE"", ""cross_left_car_present"": 0, ""cross_right_car_present"": 0}",NONE,,274.0242260042578,1,1
llm_inference,47000000000,47000.0,47343.140986,47000000000,0,343.1409859999985,1,1,1,1,1,1,288.49126620253855,99.8120093767172,2,"[""CENTER"", ""CENTER"", ""CENTER"", ""CENTER""]","[""CENTER"", ""CENTER"", ""CENTER"", ""CENTER""]","{""road_phase"": ""LANE_CHANGE"", ""front_car_present"": 0, ""right_car_present"": 0, ""right_car_position"": ""NONE"", ""cross_left_car_present"": 0, ""cross_right_car_present"": 0}",NONE,,252.2242609411478,1,1
llm_inference,47400000000,47400.0,47768.865471,47400000000,0,368.86547099999734,1,1,1,1,1,1,251.2331869920822,97.60329482770543,2,"[""CENTER"", ""CENTER"", ""CENTER"", ""CENTER""]","[""CENTER"", ""CENTER"", ""CENTER"", ""CENTER""]","{""road_phase"": ""LANE_CHANGE"", ""front_car_present"": 0, ""right_car_present"": 0, ""right_car_position"": ""NONE"", ""cross_left_car_present"": 0, ""cross_right_car_present"": 0}",NONE,,271.42982883378863,1,1
llm_inference,47800000000,47800.0,48156.279492,47800000000,0,356.2794920000015,1,1,1,1,1,1,214.14499571680653,95.48911740798488,1,"[""CENTER"", ""CENTER"", ""CENTER"", ""CENTER""]","[""CENTER"", ""CENTER"", ""CENTER"", ""CENTER""]","{""road_phase"": ""LANE_CHANGE"", ""front_car_present"": 0, ""right_car_present"": 0, ""right_car_position"": ""NONE"", ""cross_left_car_present"": 0, ""cross_right_car_present"": 0}",NONE,,265.0721410755068,1,1
llm_inference,48200000000,48200.0,48555.239312,48200000000,0,355.2393119999979,1,1,1,1,1,1,177.03589964077855,93.46349628109903,1,"[""CENTER"", ""CENTER"", ""CENTER"", ""CENTER""]","[""CENTER"", ""CENTER"", ""CENTER"", ""CENTER""]","{""road_phase"": ""LANE_CHANGE"", ""front_car_present"": 0, ""right_car_present"": 0, ""right_car_position"": ""NONE"", ""cross_left_car_present"": 0, ""cross_right_car_present"": 0}",NONE,,264.8666228633374,1,1
llm_inference,48600000000,48600.0,48963.914892,48600000000,0,363.9148920000007,1,1,1,1,1,1,139.80056869148802,91.52094529188106,0,"[""CENTER"", ""CENTER"", ""CENTER"", ""CENTER""]","[""CENTER"", ""CENTER"", ""CENTER"", ""CENTER""]","{""road_phase"": ""LANE_CHANGE"", ""front_car_present"": 0, ""right_car_present"": 0, ""right_car_position"": ""NONE"", ""cross_left_car_present"": 0, ""cross_right_car_present"": 0}",NONE,,271.8537379987538,1,1
llm_inference,49000000000,49000.0,49340.768226,49000000000,0,340.76822600000014,1,1,1,1,1,1,102.55696299998999,89.65642280955402,1,"[""CENTER"", ""CENTER"", ""CENTER"", ""CENTER""]","[""CENTER"", ""CENTER"", ""CENTER"", ""CENTER""]","{""road_phase"": ""LANE_CHANGE"", ""front_car_present"": 0, ""right_car_present"": 0, ""right_car_position"": ""NONE"", ""cross_left_car_present"": 0, ""cross_right_car_present"": 0}",NONE,,249.47198410518467,1,1
llm_inference,49400000000,49400.0,49776.928472,49400000000,0,376.9284719999996,1,1,1,1,1,1,74.67111626774704,87.86528755682686,1,"[""CENTER"", ""CENTER"", ""CENTER"", ""CENTER""]","[""CENTER"", ""CENTER"", ""CENTER"", ""CENTER""]","{""road_phase"": ""LANE_CHANGE"", ""front_car_present"": 0, ""right_car_present"": 0, ""right_car_position"": ""NONE"", ""cross_left_car_present"": 0, ""cross_right_car_present"": 0}",NONE,,252.4737329222262,1,1
llm_inference,49800000000,49800.0,50147.811028,49800000000,0,347.81102799999644,1,1,1,1,1,1,28.194693597096375,86.14325960724469,2,"[""CENTER"", ""CENTER"", ""CENTER"", ""CENTER""]","[""CENTER"", ""CENTER"", ""CENTER"", ""CENTER""]","{""road_phase"": ""LANE_CHANGE"", ""front_car_present"": 0, ""right_car_present"": 0, ""right_car_position"": ""NONE"", ""cross_left_car_present"": 0, ""cross_right_car_present"": 0}",NONE,,250.9952720720321,1,1
llm_inference,50200000000,50200.0,50552.223413,50200000000,0,352.2234129999997,1,1,1,1,1,1,1201.8415961785845,84.48638585834509,2,"[""CENTER"", ""CENTER"", ""CENTER"", ""CENTER""]","[""LEFT"", ""LEFT"", ""LEFT"", ""LEFT""]","{""road_phase"": ""EXIT"", ""front_car_present"": 0, ""right_car_present"": 0, ""right_car_position"": ""NONE"", ""cross_left_car_present"": 0, ""cross_right_car_present"": 0}",WARNING,Increase speed.,251.3712861109525,1,1
llm_inference,50600000000,50600.0,50979.424027,50600000000,0,379.42402700000093,1,1,1,1,1,1,1165.2295208240976,85.43320076935738,2,"[""CENTER"", ""CENTER"", ""CENTER"", ""CENTER""]","[""LEFT"", ""LEFT"", ""LEFT"", ""LEFT""]","{""road_phase"": ""EXIT"", ""front_car_present"": 0, ""right_car_present"": 0, ""right_car_position"": ""NONE"", ""cross_left_car_present"": 0, ""cross_right_car_present"": 0}",NONE,,287.9336359910667,1,1
llm_inference,51000000000,51000.0,51337.85548,51000000000,0,337.85547999999835,1,1,1,1,1,1,1129.4832285992838,89.39723940538995,2,"[""CENTER"", ""CENTER"", ""CENTER"", ""CENTER""]","[""LEFT"", ""LEFT"", ""CENTER"", ""CENTER""]","{""road_phase"": ""EXIT"", ""front_car_present"": 0, ""right_car_present"": 0, ""right_car_position"": ""NONE"", ""cross_left_car_present"": 0, ""cross_right_car_present"": 0}",NONE,,249.32577996514738,1,1
llm_inference,51400000000,51400.0,51753.250536,51400000000,0,353.25053599999956,1,1,1,1,1,1,1095.0810399345555,93.29034560499467,2,"[""CENTER"", ""CENTER"", ""CENTER"", ""CENTER""]","[""CENTER"", ""CENTER"", ""CENTER"", ""CENTER""]","{""road_phase"": ""EXIT"", ""front_car_present"": 0, ""right_car_present"": 0, ""right_car_position"": ""NONE"", ""cross_left_car_present"": 0, ""cross_right_car_present"": 0}",NONE,,248.9545231219381,1,1
llm_inference,51800000000,51800.0,52182.911982,51800000000,0,382.9119819999978,1,1,1,1,1,1,1070.3280999521094,97.02537192300325,2,"[""CENTER"", ""CENTER"", ""CENTER"", ""CENTER""]","[""CENTER"", ""CENTER"", ""CENTER"", ""CENTER""]","{""road_phase"": ""EXIT"", ""front_car_present"": 0, ""right_car_present"": 0, ""right_car_position"": ""NONE"", ""cross_left_car_present"": 0, ""cross_right_car_present"": 0}",NONE,,259.19303810223937,1,1
llm_inference,52200000000,52200.0,52583.086448,52200000000,0,383.08644800000184,1,1,1,1,1,1,1054.4225763411441,100.60269877496539,1,"[""CENTER"", ""CENTER"", ""CENTER"", ""CENTER""]","[""CENTER"", ""CENTER"", ""CENTER"", ""CENTER""]","{""road_phase"": ""EXIT"", ""front_car_present"": 0, ""right_car_present"": 0, ""right_car_position"": ""NONE"", ""cross_left_car_present"": 0, ""cross_right_car_present"": 0}",NONE,,259.10313497297466,1,1
llm_inference,52600000000,52600.0,52990.058931,52600000000,0,390.0589309999996,1,1,1,1,1,1,1016.1387565738614,104.02345074341542,1,"[""CENTER"", ""CENTER"", ""CENTER"", ""CENTER""]","[""CENTER"", ""CENTER"", ""CENTER"", ""CENTER""]","{""road_phase"": ""EXIT"", ""front_car_present"": 0, ""right_car_present"": 0, ""right_car_position"": ""NONE"", ""cross_left_car_present"": 0, ""cross_right_car_present"": 0}",NONE,,266.55061007477343,1,1
llm_inference,53000000000,53000.0,53355.098726,53000000000,0,355.09872599999653,1,1,1,1,1,1,970.6636834186174,107.2894257663501,0,"[""CENTER"", ""CENTER"", ""CENTER"", ""CENTER""]","[""CENTER"", ""CENTER"", ""CENTER"", ""CENTER""]","{""road_phase"": ""EXIT"", ""front_car_present"": 0, ""right_car_present"": 0, ""right_car_position"": ""NONE"", ""cross_left_car_present"": 0, ""cross_right_car_present"": 0}",NONE,,251.01724290288985,1,1
llm_inference,53400000000,53400.0,53753.323447,53400000000,0,353.3234470000025,1,1,1,1,1,1,939.0706396273745,110.403023112944,0,"[""CENTER"", ""CENTER"", ""CENTER"", ""CENTER""]","[""CENTER"", ""CENTER"", ""CENTER"", ""CENTER""]","{""road_phase"": ""EXIT"", ""front_car_present"": 0, ""right_car_present"": 0, ""right_car_position"": ""NONE"", ""cross_left_car_present"": 0, ""cross_right_car_present"": 0}",NONE,,261.4165688864887,1,1
llm_inference,53800000000,53800.0,54144.734,53800000000,0,344.73399999999674,1,1,1,1,1,1,905.605480288682,113.36717149363628,2,"[""CENTER"", ""CENTER"", ""CENTER"", ""CENTER""]","[""CENTER"", ""CENTER"", ""CENTER"", ""CENTER""]","{""road_phase"": ""EXIT"", ""front_car_present"": 0, ""right_car_present"": 0, ""right_car_position"": ""NONE"", ""cross_left_car_present"": 0, ""cross_right_car_present"": 0}",WARNING,Reduce speed.,255.20922802388668,1,1
llm_inference,54200000000,54200.0,54547.78642,54200000000,0,347.7864199999967,1,1,1,1,1,1,873.0873843614017,116.18525847106712,2,"[""CENTER"", ""CENTER"", ""CENTER"", ""CENTER""]","[""CENTER"", ""CENTER"", ""CENTER"", ""CENTER""]","{""road_phase"": ""EXIT"", ""front_car_present"": 0, ""right_car_present"": 0, ""right_car_position"": ""NONE"", ""cross_left_car_present"": 0, ""cross_right_car_present"": 0}",WARNING,Reduce speed.,258.2007620949298,1,1
llm_inference,54600000000,54600.0,54954.210147,54600000000,0,354.21014699999796,1,1,1,1,1,1,842.3448750711905,117.01800386298812,0,"[""CENTER"", ""CENTER"", ""CENTER"", ""CENTER""]","[""CENTER"", ""CENTER"", ""CENTER"", ""CENTER""]","{""road_phase"": ""EXIT"", ""front_car_present"": 0, ""right_car_present"": 0, ""right_car_position"": ""NONE"", ""cross_left_car_present"": 0, ""cross_right_car_present"": 0}",NONE,,264.8239559493959,1,1
llm_inference,55000000000,55000.0,55341.161563,55000000000,0,341.1615630000015,1,1,1,1,1,1,810.7185226604952,114.00238600616497,0,"[""CENTER"", ""CENTER"", ""CENTER"", ""CENTER""]","[""CENTER"", ""CENTER"", ""CENTER"", ""CENTER""]","{""road_phase"": ""EXIT"", ""front_car_present"": 0, ""right_car_present"": 0, ""right_car_position"": ""NONE"", ""cross_left_car_present"": 0, ""cross_right_car_present"": 0}",NONE,,251.75132881850004,1,1
llm_inference,55400000000,55400.0,55734.409825,55400000000,0,334.40982500000246,1,1,1,1,1,1,777.9325999782441,111.1371914286028,1,"[""CENTER"", ""CENTER"", ""CENTER"", ""CENTER""]","[""CENTER"", ""CENTER"", ""CENTER"", ""CENTER""]","{""road_phase"": ""EXIT"", ""front_car_present"": 0, ""right_car_present"": 0, ""right_car_position"": ""NONE"", ""cross_left_car_present"": 0, ""cross_right_car_present"": 0}",NONE,,236.6665869485587,1,1
llm_inference,55800000000,55800.0,56165.162365,55800000000,0,365.1623649999965,1,1,1,1,1,1,753.7313996373159,108.41137932763421,1,"[""CENTER"", ""CENTER"", ""CENTER"", ""CENTER""]","[""CENTER"", ""CENTER"", ""CENTER"", ""CENTER""]","{""road_phase"": ""EXIT"", ""front_car_present"": 0, ""right_car_present"": 0, ""right_car_position"": ""NONE"", ""cross_left_car_present"": 0, ""cross_right_car_present"": 0}",NONE,,241.42604786902666,1,1
llm_inference,56200000000,56200.0,56540.044479,56200000000,0,340.0444789999965,1,1,1,1,1,1,714.5759835587487,105.8149650872549,1,"[""CENTER"", ""CENTER"", ""CENTER"", ""CENTER""]","[""CENTER"", ""CENTER"", ""CENTER"", ""CENTER""]","{""road_phase"": ""EXIT"", ""front_car_present"": 0, ""right_car_present"": 0, ""right_car_position"": ""NONE"", ""cross_left_car_present"": 0, ""cross_right_car_present"": 0}",NONE,,249.22355893068016,1,1
llm_inference,56600000000,56600.0,56930.132098,56600000000,0,330.13209800000186,1,1,1,1,1,1,683.5897655245362,103.33889679555281,1,"[""CENTER"", ""CENTER"", ""CENTER"", ""CENTER""]","[""CENTER"", ""CENTER"", ""CENTER"", ""CENTER""]","{""road_phase"": ""EXIT"", ""front_car_present"": 0, ""right_car_present"": 0, ""right_car_position"": ""NONE"", ""cross_left_car_present"": 0, ""cross_right_car_present"": 0}",NONE,,241.7470021173358,1,1
llm_inference,57000000000,57000.0,57352.271295,57000000000,0,352.27129499999864,1,1,1,1,1,1,651.9655098264366,100.97494870545688,1,"[""CENTER"", ""CENTER"", ""CENTER"", ""CENTER""]","[""CENTER"", ""CENTER"", ""CENTER"", ""CENTER""]","{""road_phase"": ""EXIT"", ""front_car_present"": 0, ""right_car_present"": 0, ""right_car_position"": ""NONE"", ""cross_left_car_present"": 0, ""cross_right_car_present"": 0}",NONE,,262.3886880464852,1,1
llm_inference,57400000000,57400.0,57776.824834,57400000000,0,376.8248339999991,1,1,1,1,1,1,628.0328679972235,98.7156289851962,1,"[""CENTER"", ""CENTER"", ""CENTER"", ""CENTER""]","[""CENTER"", ""CENTER"", ""CENTER"", ""CENTER""]","{""road_phase"": ""EXIT"", ""front_car_present"": 0, ""right_car_present"": 0, ""right_car_position"": ""NONE"", ""cross_left_car_present"": 0, ""cross_right_car_present"": 0}",NONE,,252.17550690285861,1,1
llm_inference,57800000000,57800.0,58171.075765,57800000000,0,371.0757650000014,1,1,1,1,1,1,596.1198139650542,96.55409956972575,1,"[""CENTER"", ""CENTER"", ""CENTER"", ""CENTER""]","[""CENTER"", ""CENTER"", ""CENTER"", ""CENTER""]","{""road_phase"": ""EXIT"", ""front_car_present"": 0, ""right_car_present"": 0, ""right_car_position"": ""NONE"", ""cross_left_car_present"": 0, ""cross_right_car_present"": 0}",NONE,,247.3954139277339,1,1
llm_inference,58200000000,58200.0,58559.128889,58200000000,0,359.1288889999996,1,1,1,1,1,1,556.2460416663689,94.48410629954006,1,"[""LEFT"", ""LEFT"", ""LEFT"", ""LEFT""]","[""CENTER"", ""CENTER"", ""CENTER"", ""CENTER""]","{""road_phase"": ""EXIT"", ""front_car_present"": 0, ""right_car_present"": 0, ""right_car_position"": ""NONE"", ""cross_left_car_present"": 0, ""cross_right_car_present"": 0}",NONE,,247.5242130458355,1,1
llm_inference,58600000000,58600.0,58983.88663,58600000000,0,383.8866300000009,1,1,1,1,1,1,532.3029277842988,92.49991783759782,1,"[""LEFT"", ""LEFT"", ""LEFT"", ""LEFT""]","[""CENTER"", ""CENTER"", ""CENTER"", ""CENTER""]","{""road_phase"": ""EXIT"", ""front_car_present"": 0, ""right_car_present"": 0, ""right_car_position"": ""NONE"", ""cross_left_car_present"": 0, ""cross_right_car_present"": 0}",WARNING,Reduce speed.,258.76849493943155,1,1
llm_inference,59000000000,59000.0,59385.707173,59000000000,0,385.7071730000025,1,1,1,1,1,1,492.3199620054065,90.59627210309125,1,"[""LEFT"", ""LEFT"", ""LEFT"", ""LEFT""]","[""CENTER"", ""CENTER"", ""CENTER"", ""CENTER""]","{""road_phase"": ""EXIT"", ""front_car_present"": 0, ""right_car_present"": 0, ""right_car_position"": ""NONE"", ""cross_left_car_present"": 0, ""cross_right_car_present"": 0}",NONE,,276.81463095359504,1,1
llm_inference,59400000000,59400.0,59777.069753,59400000000,0,377.0697530000034,1,1,1,1,1,1,476.30426842018096,88.76832916385767,1,"[""LEFT"", ""LEFT"", ""LEFT"", ""LEFT""]","[""CENTER"", ""CENTER"", ""CENTER"", ""CENTER""]","{""road_phase"": ""EXIT"", ""front_car_present"": 0, ""right_car_present"": 0, ""right_car_position"": ""NONE"", ""cross_left_car_present"": 0, ""cross_right_car_present"": 0}",NONE,,252.68528400920331,1,1
llm_inference,59800000000,59800.0,60174.414563,59800000000,0,374.41456299999845,1,1,1,1,1,1,436.23425779832996,87.01162969622001,1,"[""LEFT"", ""LEFT"", ""LEFT"", ""LEFT""]","[""CENTER"", ""CENTER"", ""CENTER"", ""CENTER""]","{""road_phase"": ""EXIT"", ""front_car_present"": 0, ""right_car_present"": 0, ""right_car_position"": ""NONE"", ""cross_left_car_present"": 0, ""cross_right_car_present"": 0}",NONE,,250.20349794067442,1,1
llm_inference,60200000000,60200.0,60576.921227,60200000000,0,376.9212269999989,1,1,1,1,1,1,404.12893617031204,85.32205825894872,1,"[""LEFT"", ""LEFT"", ""LEFT"", ""LEFT""]","[""CENTER"", ""CENTER"", ""CENTER"", ""CENTER""]","{""road_phase"": ""EXIT"", ""front_car_present"": 0, ""right_car_present"": 0, ""right_car_position"": ""NONE"", ""cross_left_car_present"": 0, ""cross_right_car_present"": 0}",NONE,,253.46851209178567,1,1
llm_inference,60600000000,60600.0,60980.445371,60600000000,0,380.4453710000016,1,1,1,1,1,1,371.9858078448242,77.24793179728796,1,"[""LEFT"", ""LEFT"", ""LEFT"", ""LEFT""]","[""CENTER"", ""CENTER"", ""CENTER"", ""CENTER""]","{""road_phase"": ""EXIT"", ""front_car_present"": 0, ""right_car_present"": 0, ""right_car_position"": ""NONE"", ""cross_left_car_present"": 0, ""cross_right_car_present"": 0}",NONE,,256.7374659702182,1,1
llm_inference,61000000000,61000.0,61373.456008,61000000000,0,373.456008000001,1,1,1,1,1,1,347.8630251675986,75.90749026523234,1,"[""LEFT"", ""LEFT"", ""LEFT"", ""LEFT""]","[""CENTER"", ""CENTER"", ""CENTER"", ""CENTER""]","{""road_phase"": ""EXIT"", ""front_car_present"": 0, ""right_car_present"": 0, ""right_car_position"": ""NONE"", ""cross_left_car_present"": 0, ""cross_right_car_present"": 0}",NONE,,250.3792771603912,1,1
llm_inference,61400000000,61400.0,61767.588817,61400000000,0,367.5888170000035,1,1,1,1,1,1,299.5434385236649,74.59791894634462,1,"[""LEFT"", ""LEFT"", ""LEFT"", ""LEFT""]","[""CENTER"", ""CENTER"", ""CENTER"", ""CENTER""]","{""road_phase"": ""EXIT"", ""front_car_present"": 0, ""right_car_present"": 0, ""right_car_position"": ""NONE"", ""cross_left_car_present"": 0, ""cross_right_car_present"": 0}",WARNING,Increase speed.,256.6223950125277,1,1
llm_inference,61800000000,61800.0,62148.465414,61800000000,0,348.4654139999984,1,1,1,1,1,1,267.29229427794326,73.34521077617283,1,"[""LEFT"", ""LEFT"", ""LEFT"", ""LEFT""]","[""CENTER"", ""CENTER"", ""CENTER"", ""CENTER""]","{""road_phase"": ""EXIT"", ""front_car_present"": 0, ""right_car_present"": 0, ""right_car_position"": ""NONE"", ""cross_left_car_present"": 0, ""cross_right_car_present"": 0}",NONE,,257.1001860778779,1,1
llm_inference,62200000000,62200.0,62540.859277,62200000000,0,340.8592770000032,1,1,1,1,1,1,234.98478064085702,60.36757440183491,1,"[""LEFT"", ""LEFT"", ""LEFT"", ""LEFT""]","[""RIGHT"", ""RIGHT"", ""RIGHT"", ""RIGHT""]","{""road_phase"": ""EXIT"", ""front_car_present"": 0, ""right_car_present"": 0, ""right_car_position"": ""NONE"", ""cross_left_car_present"": 0, ""cross_right_car_present"": 0}",NONE,,250.52574393339455,1,1
llm_inference,62600000000,62600.0,62936.02009,62600000000,0,336.02008999999816,1,1,1,1,1,1,202.6060516056741,45.267579125695725,1,"[""LEFT"", ""LEFT"", ""LEFT"", ""LEFT""]","[""RIGHT"", ""RIGHT"", ""RIGHT"", ""RIGHT""]","{""road_phase"": ""EXIT"", ""front_car_present"": 0, ""right_car_present"": 0, ""right_car_position"": ""NONE"", ""cross_left_car_present"": 1, ""cross_right_car_present"": 0}",NONE,,243.88601700775325,1,1
llm_inference,63000000000,63000.0,63338.758928,63000000000,0,338.7589280000029,1,1,1,1,1,1,170.2795832380407,30.566507349490557,1,"[""LEFT"", ""LEFT"", ""LEFT"", ""LEFT""]","[""RIGHT"", ""RIGHT"", ""RIGHT"", ""RIGHT""]","{""road_phase"": ""EXIT"", ""front_car_present"": 0, ""right_car_present"": 0, ""right_car_position"": ""NONE"", ""cross_left_car_present"": 1, ""cross_right_car_present"": 0}",WARNING,Reduce speed.,248.66561708040535,1,1
llm_inference,63400000000,63400.0,63756.534393,63400000000,0,356.5343930000017,1,1,1,1,1,1,137.950177232844,20.978022632730006,1,"[""LEFT"", ""LEFT"", ""LEFT"", ""LEFT""]","[""RIGHT"", ""RIGHT"", ""RIGHT"", ""RIGHT""]","{""road_phase"": ""EXIT"", ""front_car_present"": 0, ""right_car_present"": 0, ""right_car_position"": ""NONE"", ""cross_left_car_present"": 1, ""cross_right_car_present"": 1}",NONE,,260.30489802360535,1,1
llm_inference,63800000000,63800.0,64136.922491,63800000000,0,336.92249099999754,1,1,1,1,1,1,105.61229186012315,17.690864338343044,1,"[""LEFT"", ""LEFT"", ""LEFT"", ""LEFT""]","[""RIGHT"", ""RIGHT"", ""RIGHT"", ""RIGHT""]","{""road_phase"": ""EXIT"", ""front_car_present"": 0, ""right_car_present"": 0, ""right_car_position"": ""NONE"", ""cross_left_car_present"": 1, ""cross_right_car_present"": 1}",WARNING,Reduce speed.,247.3993010353297,1,1
llm_inference,64200000000,64200.0,64571.570012,64200000000,0,371.5700119999965,1,1,1,1,1,1,73.27355222862843,4.642733997091351,1,"[""LEFT"", ""LEFT"", ""LEFT"", ""LEFT""]","[""LEFT"", ""LEFT"", ""LEFT"", ""LEFT""]","{""road_phase"": ""EXIT"", ""front_car_present"": 0, ""right_car_present"": 0, ""right_car_position"": ""NONE"", ""cross_left_car_present"": 1, ""cross_right_car_present"": 1}",NONE,,282.2297199163586,1,1
llm_inference,64600000000,64600.0,64944.271664,64600000000,0,344.2716639999999,1,1,1,1,1,1,61.134247717707694,0.0,1,"[""LEFT"", ""LEFT"", ""LEFT"", ""LEFT""]","[""LEFT"", ""LEFT"", ""LEFT"", ""LEFT""]","{""road_phase"": ""EXIT"", ""front_car_present"": 0, ""right_car_present"": 0, ""right_car_position"": ""NONE"", ""cross_left_car_present"": 1, ""cross_right_car_present"": 1}",NONE,,252.88783013820648,1,1
llm_inference,65000000000,65000.0,65348.877556,65000000000,0,348.87755599999946,1,1,1,1,1,1,61.12811353728375,0.0,1,"[""LEFT"", ""LEFT"", ""LEFT"", ""LEFT""]","[""LEFT"", ""LEFT"", ""CENTER"", ""CENTER""]","{""road_phase"": ""EXIT"", ""front_car_present"": 0, ""right_car_present"": 0, ""right_car_position"": ""NONE"", ""cross_left_car_present"": 1, ""cross_right_car_present"": 1}",NONE,,259.3502700328827,1,1
llm_inference,65400000000,65400.0,65789.712227,65400000000,0,389.71222699999635,1,1,1,1,1,1,61.123531165028,0.0,1,"[""LEFT"", ""LEFT"", ""LEFT"", ""LEFT""]","[""CENTER"", ""CENTER"", ""CENTER"", ""CENTER""]","{""road_phase"": ""EXIT"", ""front_car_present"": 0, ""right_car_present"": 0, ""right_car_position"": ""NONE"", ""cross_left_car_present"": 1, ""cross_right_car_present"": 1}",NONE,,265.7195730134845,1,1
llm_inference,65800000000,65800.0,66177.307787,65800000000,0,377.3077869999979,1,1,1,1,1,1,61.118964057609446,0.0,1,"[""LEFT"", ""LEFT"", ""LEFT"", ""LEFT""]","[""CENTER"", ""CENTER"", ""CENTER"", ""CENTER""]","{""road_phase"": ""EXIT"", ""front_car_present"": 0, ""right_car_present"": 0, ""right_car_position"": ""NONE"", ""cross_left_car_present"": 1, ""cross_right_car_present"": 1}",WARNING,Reduce speed.,251.67720601893961,1,1
llm_inference,66200000000,66200.0,66574.38704,66200000000,0,374.38704000000143,1,1,1,1,1,1,61.11138340342313,0.0,1,"[""LEFT"", ""LEFT"", ""LEFT"", ""LEFT""]","[""CENTER"", ""CENTER"", ""CENTER"", ""CENTER""]","{""road_phase"": ""EXIT"", ""front_car_present"": 0, ""right_car_present"": 0, ""right_car_position"": ""NONE"", ""cross_left_car_present"": 1, ""cross_right_car_present"": 1}",NONE,,250.14695315621793,1,1
llm_inference,66600000000,66600.0,66942.850078,66600000000,0,342.8500780000031,1,1,1,1,1,1,61.103838048939,0.0,1,"[""LEFT"", ""LEFT"", ""LEFT"", ""LEFT""]","[""CENTER"", ""CENTER"", ""CENTER"", ""CENTER""]","{""road_phase"": ""EXIT"", ""front_car_present"": 0, ""right_car_present"": 0, ""right_car_position"": ""NONE"", ""cross_left_car_present"": 1, ""cross_right_car_present"": 1}",NONE,,251.51259591802955,1,1
llm_inference,67000000000,67000.0,67343.459942,67000000000,0,343.4599420000013,1,1,1,1,1,1,61.097824581401255,0.0,1,"[""LEFT"", ""LEFT"", ""CENTER"", ""CENTER""]","[""CENTER"", ""CENTER"", ""CENTER"", ""CENTER""]","{""road_phase"": ""EXIT"", ""front_car_present"": 0, ""right_car_present"": 0, ""right_car_position"": ""NONE"", ""cross_left_car_present"": 1, ""cross_right_car_present"": 1}",NONE,,253.64623009227216,1,1
llm_inference,67400000000,67400.0,67750.142226,67400000000,0,350.1422259999963,1,1,1,1,1,1,61.091829458267966,0.0,1,"[""CENTER"", ""CENTER"", ""CENTER"", ""CENTER""]","[""CENTER"", ""CENTER"", ""CENTER"", ""CENTER""]","{""road_phase"": ""EXIT"", ""front_car_present"": 0, ""right_car_present"": 0, ""right_car_position"": ""NONE"", ""cross_left_car_present"": 1, ""cross_right_car_present"": 1}",NONE,,241.71153316274285,1,1
llm_inference,67800000000,67800.0,68138.398118,67800000000,0,338.39811799999734,1,1,1,1,1,1,61.08585105814382,0.0,1,"[""CENTER"", ""CENTER"", ""CENTER"", ""CENTER""]","[""CENTER"", ""CENTER"", ""CENTER"", ""CENTER""]","{""road_phase"": ""EXIT"", ""front_car_present"": 0, ""right_car_present"": 0, ""right_car_position"": ""NONE"", ""cross_left_car_present"": 1, ""cross_right_car_present"": 1}",NONE,,249.86983207054436,1,1
llm_inference,68200000000,68200.0,68548.661643,68200000000,0,348.66164299999946,1,1,1,1,1,1,61.079887902579685,0.0,1,"[""CENTER"", ""CENTER"", ""CENTER"", ""CENTER""]","[""CENTER"", ""CENTER"", ""CENTER"", ""CENTER""]","{""road_phase"": ""EXIT"", ""front_car_present"": 0, ""right_car_present"": 0, ""right_car_position"": ""NONE"", ""cross_left_car_present"": 1, ""cross_right_car_present"": 1}",NONE,,259.73605387844145,1,1
llm_inference,68600000000,68600.0,68938.77923,68600000000,0,338.7792300000001,1,1,1,1,1,1,61.07393864414553,0.0,1,"[""CENTER"", ""CENTER"", ""CENTER"", ""CENTER""]","[""CENTER"", ""CENTER"", ""CENTER"", ""CENTER""]","{""road_phase"": ""EXIT"", ""front_car_present"": 0, ""right_car_present"": 0, ""right_car_position"": ""NONE"", ""cross_left_car_present"": 1, ""cross_right_car_present"": 1}",NONE,,247.49499699100852,1,1
llm_inference,69000000000,69000.0,69343.988156,69000000000,0,343.9881560000067,1,1,1,1,1,1,61.06800205537456,0.0,1,"[""CENTER"", ""CENTER"", ""CENTER"", ""CENTER""]","[""CENTER"", ""CENTER"", ""CENTER"", ""CENTER""]","{""road_phase"": ""EXIT"", ""front_car_present"": 0, ""right_car_present"": 0, ""right_car_position"": ""NONE"", ""cross_left_car_present"": 1, ""cross_right_car_present"": 1}",NONE,,255.11591508984566,1,1
llm_inference,69400000000,69400.0,69738.142504,69400000000,0,338.1425040000031,1,1,1,1,1,1,58.374673841088224,2.832495895857946,1,"[""CENTER"", ""CENTER"", ""CENTER"", ""CENTER""]","[""CENTER"", ""CENTER"", ""CENTER"", ""CENTER""]","{""road_phase"": ""EXIT"", ""front_car_present"": 0, ""right_car_present"": 0, ""right_car_position"": ""NONE"", ""cross_left_car_present"": 1, ""cross_right_car_present"": 1}",NONE,,249.56657201983035,1,1
llm_inference,69800000000,69800.0,70173.557961,69800000000,0,373.5579609999986,1,1,1,1,1,1,28.595382957057154,8.554737363644051,1,"[""CENTER"", ""CENTER"", ""CENTER"", ""CENTER""]","[""CENTER"", ""CENTER"", ""CENTER"", ""CENTER""]","{""road_phase"": ""EXIT"", ""front_car_present"": 0, ""right_car_present"": 0, ""right_car_position"": ""NONE"", ""cross_left_car_present"": 1, ""cross_right_car_present"": 1}",ACTUATE,Stop before the stop sign.,284.53132091090083,1,1
llm_inference,70200000000,70200.0,70628.780502,70200000000,0,428.78050199999416,1,1,1,1,1,1,21.42627565780731,14.25707257944116,1,"[""CENTER"", ""CENTER"", ""CENTER"", ""CENTER""]","[""CENTER"", ""CENTER"", ""CENTER"", ""CENTER""]","{""road_phase"": ""STOP_SIGN"", ""front_car_present"": 0, ""right_car_present"": 0, ""right_car_position"": ""NONE"", ""cross_left_car_present"": 1, ""cross_right_car_present"": 1}",NONE,,341.7583890259266,1,1
llm_inference,70600000000,70600.0,70942.378835,70600000000,0,342.3788349999959,1,1,1,1,1,1,14.06812580170481,20.47306317155014,1,"[""CENTER"", ""CENTER"", ""CENTER"", ""CENTER""]","[""CENTER"", ""CENTER"", ""CENTER"", ""CENTER""]","{""road_phase"": ""YIELD"", ""front_car_present"": 0, ""right_car_present"": 0, ""right_car_position"": ""NONE"", ""cross_left_car_present"": 1, ""cross_right_car_present"": 1}",WARNING,Reduce speed.,253.0039600096643,1,1
llm_inference,71000000000,71000.0,71348.45056,71000000000,0,348.4505599999975,1,1,1,1,1,1,81.59256365863985,26.087504115904814,1,"[""CENTER"", ""CENTER"", ""CENTER"", ""CENTER""]","[""CENTER"", ""CENTER"", ""CENTER"", ""CENTER""]","{""road_phase"": ""MOVE"", ""front_car_present"": 0, ""right_car_present"": 0, ""right_car_position"": ""NONE"", ""cross_left_car_present"": 1, ""cross_right_car_present"": 1}",NONE,,259.64781013317406,1,1
llm_inference,71400000000,71400.0,71798.631734,71400000000,0,398.63173399999505,1,1,1,1,1,1,49.1246992497463,31.63888418874724,1,"[""CENTER"", ""CENTER"", ""CENTER"", ""CENTER""]","[""CENTER"", ""CENTER"", ""CENTER"", ""CENTER""]","{""road_phase"": ""MOVE"", ""front_car_present"": 0, ""right_car_present"": 0, ""right_car_position"": ""NONE"", ""cross_left_car_present"": 1, ""cross_right_car_present"": 1}",NONE,,293.82487409748137,1,1
llm_inference,71800000000,71800.0,72190.613075,71800000000,0,390.6130750000011,1,1,1,1,1,1,16.659124793592127,35.61015840491378,1,"[""CENTER"", ""CENTER"", ""CENTER"", ""CENTER""]","[""CENTER"", ""CENTER"", ""CENTER"", ""CENTER""]","{""road_phase"": ""MOVE"", ""front_car_present"": 0, ""right_car_present"": 0, ""right_car_position"": ""NONE"", ""cross_left_car_present"": 1, ""cross_right_car_present"": 1}",NONE,,298.6169659998268,1,1
llm_inference,72200000000,72200.0,72538.883675,72200000000,0,338.8836750000046,1,1,1,1,1,1,0.0,35.29853294606956,1,"[""CENTER"", ""CENTER"", ""CENTER"", ""CENTER""]","[""CENTER"", ""CENTER"", ""CENTER"", ""CENTER""]","{""road_phase"": ""MOVE"", ""front_car_present"": 0, ""right_car_present"": 0, ""right_car_position"": ""NONE"", ""cross_left_car_present"": 1, ""cross_right_car_present"": 0}",WARNING,Increase speed.,250.30490406788886,1,1
llm_inference,72600000000,72600.0,72962.724419,72600000000,0,362.7244190000056,1,1,1,1,1,1,0.0,34.991773059458126,1,"[""CENTER"", ""CENTER"", ""CENTER"", ""CENTER""]","[""CENTER"", ""CENTER"", ""CENTER"", ""CENTER""]","{""road_phase"": ""MOVE"", ""front_car_present"": 0, ""right_car_present"": 0, ""right_car_position"": ""NONE"", ""cross_left_car_present"": 1, ""cross_right_car_present"": 0}",WARNING,Increase speed.,238.29488502815366,1,1
llm_inference,73000000000,73000.0,73366.638,73000000000,0,366.6380000000063,1,1,1,1,1,1,0.0,34.68976135830063,1,"[""CENTER"", ""CENTER"", ""CENTER"", ""CENTER""]","[""CENTER"", ""CENTER"", ""LEFT"", ""LEFT""]","{""road_phase"": ""MOVE"", ""front_car_present"": 0, ""right_car_present"": 0, ""right_car_position"": ""NONE"", ""cross_left_car_present"": 1, ""cross_right_car_present"": 0}",NONE,,242.17813112773,1,1
llm_inference,73400000000,73400.0,73774.658587,73400000000,0,374.6585869999981,1,1,1,1,1,1,0.0,34.39238419861314,1,"[""CENTER"", ""CENTER"", ""CENTER"", ""CENTER""]","[""LEFT"", ""LEFT"", ""LEFT"", ""LEFT""]","{""road_phase"": ""MOVE"", ""front_car_present"": 0, ""right_car_present"": 0, ""right_car_position"": ""NONE"", ""cross_left_car_present"": 1, ""cross_right_car_present"": 0}",WARNING,Increase speed.,250.53856591694057,1,1
llm_inference,73800000000,73800.0,74175.382923,73800000000,0,375.3829229999974,1,1,1,1,1,1,0.0,34.09953153111222,1,"[""CENTER"", ""CENTER"", ""CENTER"", ""CENTER""]","[""LEFT"", ""LEFT"", ""LEFT"", ""LEFT""]","{""road_phase"": ""MOVE"", ""front_car_present"": 0, ""right_car_present"": 0, ""right_car_position"": ""NONE"", ""cross_left_car_present"": 1, ""cross_right_car_present"": 0}",WARNING,Increase speed.,252.20334716141224,1,1
llm_inference,74200000000,74200.0,74567.671456,74200000000,0,367.6714559999964,1,1,1,1,1,1,0.0,33.81109676009903,1,"[""CENTER"", ""CENTER"", ""CENTER"", ""CENTER""]","[""LEFT"", ""LEFT"", ""LEFT"", ""LEFT""]","{""road_phase"": ""MOVE"", ""front_car_present"": 0, ""right_car_present"": 0, ""right_car_position"": ""NONE"", ""cross_left_car_present"": 1, ""cross_right_car_present"": 0}",WARNING,Increase speed.,243.5779389925301,1,1
llm_inference,74600000000,74600.0,74978.206088,74600000000,0,378.2060880000063,1,1,1,1,1,1,0.0,33.52697660894126,1,"[""CENTER"", ""CENTER"", ""CENTER"", ""CENTER""]","[""LEFT"", ""LEFT"", ""LEFT"", ""LEFT""]","{""road_phase"": ""MOVE"", ""front_car_present"": 0, ""right_car_present"": 0, ""right_car_position"": ""NONE"", ""cross_left_car_present"": 0, ""cross_right_car_present"": 0}",ACTUATE,Increase speed.,256.01839390583336,1,1
