event,logical_time_ns,logical_time_ms,physical_time_ms,tag_time_ns,microstep,displacement_present,velocity_present,steer_present,head_present,eye_present,environment_states_present,distance_to_target_m,velocity_kmh,steering,head_history_json,eye_history_json,environment_json,control,instruction,inference_ms,control_present,instruction_present
llm_inference,7000000000,7000.0,7673.023479,1782184045438615399,0,1,1,1,1,1,1,4000.0,89.54208000000001,1,"[""CENTER""]","[""CENTER""]","{""road_phase"": ""HIGHWAY"", ""front_car_present"": 0, ""right_car_present"": 0, ""right_car_position"": ""NONE"", ""cross_left_car_present"": 0, ""cross_right_car_present"": 0}",NONE,,241.06548493728042,1,1
llm_inference,7400000000,7400.0,7934.443189,1782184045838615399,0,1,1,1,1,1,1,3965.2316791189114,87.75539718785244,1,"[""CENTER"", ""CENTER"", ""CENTER"", ""CENTER""]","[""CENTER"", ""CENTER"", ""CENTER"", ""CENTER""]","{""road_phase"": ""HIGHWAY"", ""front_car_present"": 0, ""right_car_present"": 0, ""right_car_position"": ""NONE"", ""cross_left_car_present"": 0, ""cross_right_car_present"": 0}",NONE,,260.04557497799397,1,1
llm_inference,7800000000,7800.0,8194.404308,1782184046238615399,0,1,1,1,1,1,1,3928.042517906621,86.0375647137227,1,"[""CENTER"", ""CENTER"", ""CENTER"", ""CENTER""]","[""CENTER"", ""CENTER"", ""CENTER"", ""CENTER""]","{""road_phase"": ""HIGHWAY"", ""front_car_present"": 0, ""right_car_present"": 0, ""right_car_position"": ""NONE"", ""cross_left_car_present"": 0, ""cross_right_car_present"": 0}",NONE,,258.92568100243807,1,1
llm_inference,8200000000,8200.0,8536.962591,1782184046638615399,0,1,1,1,1,1,1,3890.853356694164,84.38464889650945,1,"[""LEFT"", ""LEFT"", ""LEFT"", ""LEFT""]","[""CENTER"", ""CENTER"", ""CENTER"", ""CENTER""]","{""road_phase"": ""HIGHWAY"", ""front_car_present"": 0, ""right_car_present"": 0, ""right_car_position"": ""NONE"", ""cross_left_car_present"": 0, ""cross_right_car_present"": 0}",NONE,,265.0189599953592,1,1
llm_inference,8600000000,8600.0,8920.855555,1782184047038615399,0,1,1,1,1,1,1,3853.664195481708,82.79301043735464,1,"[""LEFT"", ""LEFT"", ""LEFT"", ""LEFT""]","[""CENTER"", ""CENTER"", ""CENTER"", ""CENTER""]","{""road_phase"": ""HIGHWAY"", ""front_car_present"": 0, ""right_car_present"": 0, ""right_car_position"": ""NONE"", ""cross_left_car_present"": 0, ""cross_right_car_present"": 0}",NONE,,248.51276585832238,1,1
llm_inference,9000000000,9000.0,9321.990268,1782184047438615399,0,1,1,1,1,1,1,3816.4750342692514,81.25927736335096,1,"[""LEFT"", ""LEFT"", ""CENTER"", ""CENTER""]","[""CENTER"", ""CENTER"", ""CENTER"", ""CENTER""]","{""road_phase"": ""HIGHWAY"", ""front_car_present"": 0, ""right_car_present"": 0, ""right_car_position"": ""NONE"", ""cross_left_car_present"": 0, ""cross_right_car_present"": 0}",NONE,,249.79213485494256,1,1
llm_inference,9400000000,9400.0,9765.122003,1782184047838615399,0,1,1,1,1,1,1,3779.285873056795,79.78032090352283,1,"[""CENTER"", ""CENTER"", ""CENTER"", ""CENTER""]","[""CENTER"", ""CENTER"", ""CENTER"", ""CENTER""]","{""road_phase"": ""HIGHWAY"", ""front_car_present"": 0, ""right_car_present"": 0, ""right_car_position"": ""NONE"", ""cross_left_car_present"": 0, ""cross_right_car_present"": 0}",NONE,,256.7936659324914,1,1
llm_inference,9800000000,9800.0,10134.569171,1782184048238615399,0,1,1,1,1,1,1,3742.0967118443386,78.35323393268723,1,"[""CENTER"", ""CENTER"", ""CENTER"", ""CENTER""]","[""CENTER"", ""CENTER"", ""CENTER"", ""CENTER""]","{""road_phase"": ""HIGHWAY"", ""front_car_present"": 0, ""right_car_present"": 0, ""right_car_position"": ""NONE"", ""cross_left_car_present"": 0, ""cross_right_car_present"": 0}",WARNING,Increase speed.,261.67318085208535,1,1
llm_inference,10200000000,10200.0,10549.06309,1782184048638615399,0,1,1,1,1,1,1,3704.9075506318823,76.97531166967624,1,"[""CENTER"", ""CENTER"", ""CENTER"", ""CENTER""]","[""RIGHT"", ""RIGHT"", ""RIGHT"", ""RIGHT""]","{""road_phase"": ""HIGHWAY"", ""front_car_present"": 0, ""right_car_present"": 0, ""right_car_position"": ""NONE"", ""cross_left_car_present"": 0, ""cross_right_car_present"": 0}",WARNING,Increase speed.,276.7519208136946,1,1
llm_inference,10600000000,10600.0,10929.260252,1782184049038615399,0,1,1,1,1,1,1,3667.718389419426,75.64403435942091,1,"[""CENTER"", ""RIGHT"", ""RIGHT"", ""RIGHT""]","[""RIGHT"", ""RIGHT"", ""RIGHT"", ""RIGHT""]","{""road_phase"": ""HIGHWAY"", ""front_car_present"": 0, ""right_car_present"": 0, ""right_car_position"": ""NONE"", ""cross_left_car_present"": 0, ""cross_right_car_present"": 0}",WARNING,Increase speed.,257.0743749383837,1,1
llm_inference,11000000000,11000.0,11348.872725,1782184049438615399,0,1,1,1,1,1,1,3630.5292282069695,74.35705170488266,1,"[""RIGHT"", ""RIGHT"", ""RIGHT"", ""RIGHT""]","[""RIGHT"", ""RIGHT"", ""RIGHT"", ""RIGHT""]","{""road_phase"": ""HIGHWAY"", ""front_car_present"": 0, ""right_car_present"": 0, ""right_car_position"": ""NONE"", ""cross_left_car_present"": 0, ""cross_right_car_present"": 0}",WARNING,Increase speed.,276.5248981304467,1,1
llm_inference,11400000000,11400.0,11768.341564,1782184049838615399,0,1,1,1,1,1,1,3593.3400669945163,73.11216884585835,1,"[""RIGHT"", ""RIGHT"", ""RIGHT"", ""RIGHT""]","[""RIGHT"", ""RIGHT"", ""RIGHT"", ""RIGHT""]","{""road_phase"": ""HIGHWAY"", ""front_car_present"": 0, ""right_car_present"": 0, ""right_car_position"": ""NONE"", ""cross_left_car_present"": 0, ""cross_right_car_present"": 0}",WARNING,Increase speed.,257.3276739567518,1,1
llm_inference,11800000000,11800.0,12122.644978,1782184050238615399,0,1,1,1,1,1,1,3556.102360660389,72.10350929707921,2,"[""RIGHT"", ""RIGHT"", ""RIGHT"", ""RIGHT""]","[""RIGHT"", ""RIGHT"", ""RIGHT"", ""RIGHT""]","{""road_phase"": ""HIGHWAY"", ""front_car_present"": 0, ""right_car_present"": 0, ""right_car_position"": ""NONE"", ""cross_left_car_present"": 0, ""cross_right_car_present"": 0}",WARNING,Increase speed.,249.83073817566037,1,1
llm_inference,12200000000,12200.0,12536.80031,1782184050638615399,0,1,1,1,1,1,1,3518.90544134895,71.82597594868612,1,"[""RIGHT"", ""RIGHT"", ""RIGHT"", ""RIGHT""]","[""RIGHT"", ""RIGHT"", ""RIGHT"", ""RIGHT""]","{""road_phase"": ""HIGHWAY"", ""front_car_present"": 0, ""right_car_present"": 0, ""right_car_position"": ""NONE"", ""cross_left_car_present"": 0, ""cross_right_car_present"": 0}",NONE,,264.30731802247465,1,1
llm_inference,12600000000,12600.0,12929.961332,1782184051038615399,0,1,1,1,1,1,1,3481.762965367051,72.8406806131782,1,"[""RIGHT"", ""RIGHT"", ""RIGHT"", ""RIGHT""]","[""RIGHT"", ""RIGHT"", ""RIGHT"", ""RIGHT""]","{""road_phase"": ""HIGHWAY"", ""front_car_present"": 0, ""right_car_present"": 0, ""right_car_position"": ""NONE"", ""cross_left_car_present"": 0, ""cross_right_car_present"": 0}",WARNING,Increase speed.,257.3043711017817,1,1
llm_inference,13000000000,13000.0,13328.909531,1782184051438615399,0,1,1,1,1,1,1,3444.6204522395074,73.99920816893531,1,"[""RIGHT"", ""RIGHT"", ""RIGHT"", ""RIGHT""]","[""RIGHT"", ""RIGHT"", ""RIGHT"", ""RIGHT""]","{""road_phase"": ""HIGHWAY"", ""front_car_present"": 0, ""right_car_present"": 0, ""right_car_position"": ""NONE"", ""cross_left_car_present"": 0, ""cross_right_car_present"": 0}",WARNING,Increase speed.,255.86691102944314,1,1
llm_inference,13400000000,13400.0,13770.423937,1782184051838615399,0,1,1,1,1,1,1,3407.4779109869905,75.07502785045082,1,"[""RIGHT"", ""RIGHT"", ""RIGHT"", ""RIGHT""]","[""RIGHT"", ""RIGHT"", ""RIGHT"", ""RIGHT""]","{""road_phase"": ""HIGHWAY"", ""front_car_present"": 0, ""right_car_present"": 0, ""right_car_position"": ""NONE"", ""cross_left_car_present"": 0, ""cross_right_car_present"": 0}",WARNING,Increase speed.,253.3838450908661,1,1
llm_inference,13800000000,13800.0,14131.725998,1782184052238615399,0,1,1,1,1,1,1,3370.3353485450248,76.0429814018726,1,"[""RIGHT"", ""RIGHT"", ""RIGHT"", ""RIGHT""]","[""RIGHT"", ""RIGHT"", ""RIGHT"", ""RIGHT""]","{""road_phase"": ""HIGHWAY"", ""front_car_present"": 0, ""right_car_present"": 0, ""right_car_position"": ""NONE"", ""cross_left_car_present"": 0, ""cross_right_car_present"": 0}",NONE,,258.9784499723464,1,1
llm_inference,14200000000,14200.0,14534.741273,1782184052638615399,0,1,1,1,1,1,1,3333.122092378587,76.94017756401402,0,"[""RIGHT"", ""RIGHT"", ""RIGHT"", ""RIGHT""]","[""RIGHT"", ""RIGHT"", ""RIGHT"", ""RIGHT""]","{""road_phase"": ""HIGHWAY"", ""front_car_present"": 0, ""right_car_present"": 0, ""right_car_position"": ""NONE"", ""cross_left_car_present"": 0, ""cross_right_car_present"": 0}",WARNING,Increase speed.,261.77038298919797,1,1
llm_inference,14600000000,14600.0,14922.487276,1782184053038615399,0,1,1,1,1,1,1,3296.058844712075,77.70394056774147,0,"[""RIGHT"", ""CENTER"", ""CENTER"", ""CENTER""]","[""RIGHT"", ""RIGHT"", ""RIGHT"", ""RIGHT""]","{""road_phase"": ""HIGHWAY"", ""front_car_present"": 0, ""right_car_present"": 0, ""right_car_position"": ""NONE"", ""cross_left_car_present"": 0, ""cross_right_car_present"": 0}",NONE,,249.16130397468805,1,1
llm_inference,15000000000,15000.0,15338.202341,1782184053438615399,0,1,1,1,1,1,1,3259.1277582404955,77.89489131184176,1,"[""CENTER"", ""CENTER"", ""CENTER"", ""CENTER""]","[""RIGHT"", ""RIGHT"", ""RIGHT"", ""RIGHT""]","{""road_phase"": ""HIGHWAY"", ""front_car_present"": 0, ""right_car_present"": 0, ""right_car_position"": ""NONE"", ""cross_left_car_present"": 0, ""cross_right_car_present"": 0}",WARNING,Increase speed.,263.71864485554397,1,1
llm_inference,15400000000,15400.0,15800.542074,1782184053838615399,0,1,1,1,1,1,1,3222.2502828374963,78.09938443048605,1,"[""CENTER"", ""CENTER"", ""CENTER"", ""CENTER""]","[""RIGHT"", ""RIGHT"", ""RIGHT"", ""RIGHT""]","{""road_phase"": ""HIGHWAY"", ""front_car_present"": 0, ""right_car_present"": 0, ""right_car_position"": ""NONE"", ""cross_left_car_present"": 0, ""cross_right_car_present"": 0}",NONE,,288.33475895226,1,1
llm_inference,15800000000,15800.0,16145.087827,1782184054238615399,0,1,1,1,1,1,1,3185.372795812344,78.35689726829291,1,"[""CENTER"", ""CENTER"", ""CENTER"", ""CENTER""]","[""RIGHT"", ""RIGHT"", ""RIGHT"", ""RIGHT""]","{""road_phase"": ""HIGHWAY"", ""front_car_present"": 0, ""right_car_present"": 0, ""right_car_position"": ""NONE"", ""cross_left_car_present"": 0, ""cross_right_car_present"": 0}",NONE,,271.8770739156753,1,1
llm_inference,16200000000,16200.0,16520.409348,1782184054638615399,0,1,1,1,1,1,1,3148.495301525615,78.57016973850467,1,"[""CENTER"", ""CENTER"", ""CENTER"", ""CENTER""]","[""RIGHT"", ""RIGHT"", ""RIGHT"", ""RIGHT""]","{""road_phase"": ""HIGHWAY"", ""front_car_present"": 0, ""right_car_present"": 0, ""right_car_position"": ""NONE"", ""cross_left_car_present"": 0, ""cross_right_car_present"": 0}",WARNING,Increase speed.,247.83654906786978,1,1
llm_inference,16600000000,16600.0,16919.276558,1782184055038615399,0,1,1,1,1,1,1,3111.4907905321,78.71658409563612,2,"[""CENTER"", ""RIGHT"", ""RIGHT"", ""RIGHT""]","[""RIGHT"", ""RIGHT"", ""RIGHT"", ""RIGHT""]","{""road_phase"": ""HIGHWAY"", ""front_car_present"": 0, ""right_car_present"": 0, ""right_car_position"": ""NONE"", ""cross_left_car_present"": 0, ""cross_right_car_present"": 0}",WARNING,Increase speed.,247.5764569826424,1,1
llm_inference,17000000000,17000.0,17315.121233,1782184055438615399,0,1,1,1,1,1,1,3074.3457332954013,78.86773567559885,2,"[""RIGHT"", ""RIGHT"", ""RIGHT"", ""RIGHT""]","[""RIGHT"", ""RIGHT"", ""RIGHT"", ""RIGHT""]","{""road_phase"": ""HIGHWAY"", ""front_car_present"": 0, ""right_car_present"": 0, ""right_car_position"": ""NONE"", ""cross_left_car_present"": 0, ""cross_right_car_present"": 0}",NONE,,242.97649483196437,1,1
llm_inference,17400000000,17400.0,17767.641113,1782184055838615399,0,1,1,1,1,1,1,3037.2006207994964,78.67481596161252,1,"[""RIGHT"", ""RIGHT"", ""RIGHT"", ""RIGHT""]","[""RIGHT"", ""RIGHT"", ""RIGHT"", ""RIGHT""]","{""road_phase"": ""HIGHWAY"", ""front_car_present"": 0, ""right_car_present"": 0, ""right_car_position"": ""NONE"", ""cross_left_car_present"": 0, ""cross_right_car_present"": 0}",WARNING,Increase speed.,254.43289801478386,1,1
llm_inference,17800000000,17800.0,18118.478602,1782184056238615399,0,1,1,1,1,1,1,3000.1159086997277,78.26330914853237,1,"[""RIGHT"", ""RIGHT"", ""RIGHT"", ""RIGHT""]","[""RIGHT"", ""RIGHT"", ""RIGHT"", ""RIGHT""]","{""road_phase"": ""HIGHWAY"", ""front_car_present"": 0, ""right_car_present"": 0, ""right_car_position"": ""NONE"", ""cross_left_car_present"": 0, ""cross_right_car_present"": 0}",WARNING,Increase speed.,246.54302489943802,1,1
llm_inference,18200000000,18200.0,18520.378954,1782184056638615399,0,1,1,1,1,1,1,2963.031197583331,77.98317035134876,1,"[""RIGHT"", ""RIGHT"", ""RIGHT"", ""RIGHT""]","[""RIGHT"", ""RIGHT"", ""RIGHT"", ""RIGHT""]","{""road_phase"": ""HIGHWAY"", ""front_car_present"": 0, ""right_car_present"": 0, ""right_car_position"": ""NONE"", ""cross_left_car_present"": 0, ""cross_right_car_present"": 0}",WARNING,Increase speed.,248.6318100709468,1,1
llm_inference,18600000000,18600.0,18926.856825,1782184057038615399,0,1,1,1,1,1,1,2925.946487265829,77.7440529673122,1,"[""RIGHT"", ""RIGHT"", ""RIGHT"", ""RIGHT""]","[""RIGHT"", ""RIGHT"", ""RIGHT"", ""RIGHT""]","{""road_phase"": ""HIGHWAY"", ""front_car_present"": 0, ""right_car_present"": 0, ""right_car_position"": ""NONE"", ""cross_left_car_present"": 0, ""cross_right_car_present"": 0}",WARNING,Increase speed.,253.78887890838087,1,1
llm_inference,19000000000,19000.0,19314.330066,1782184057438615399,0,1,1,1,1,1,1,2888.861777761181,78.06304994170677,1,"[""RIGHT"", ""RIGHT"", ""RIGHT"", ""RIGHT""]","[""RIGHT"", ""RIGHT"", ""RIGHT"", ""RIGHT""]","{""road_phase"": ""HIGHWAY"", ""front_car_present"": 0, ""right_car_present"": 0, ""right_car_position"": ""NONE"", ""cross_left_car_present"": 0, ""cross_right_car_present"": 0}",WARNING,Increase speed.,241.98573711328208,1,1
llm_inference,19400000000,19400.0,19772.216367,1782184057838615399,0,1,1,1,1,1,1,2851.7770690602306,81.5332167939112,1,"[""RIGHT"", ""RIGHT"", ""RIGHT"", ""RIGHT""]","[""RIGHT"", ""RIGHT"", ""RIGHT"", ""RIGHT""]","{""road_phase"": ""HIGHWAY"", ""front_car_present"": 0, ""right_car_present"": 0, ""right_car_position"": ""NONE"", ""cross_left_car_present"": 0, ""cross_right_car_present"": 0}",NONE,,261.32782199420035,1,1
llm_inference,19800000000,19800.0,20127.118315,1782184058238615399,0,1,1,1,1,1,1,2814.692361138657,84.40690460532686,1,"[""RIGHT"", ""RIGHT"", ""RIGHT"", ""RIGHT""]","[""RIGHT"", ""RIGHT"", ""RIGHT"", ""RIGHT""]","{""road_phase"": ""HIGHWAY"", ""front_car_present"": 0, ""right_car_present"": 0, ""right_car_position"": ""NONE"", ""cross_left_car_present"": 0, ""cross_right_car_present"": 0}",NONE,,254.39734384417534,1,1
llm_inference,20200000000,20200.0,20527.213189,1782184058638615399,0,1,1,1,1,1,1,2777.6076539622636,86.92495072509121,1,"[""RIGHT"", ""RIGHT"", ""RIGHT"", ""RIGHT""]","[""RIGHT"", ""RIGHT"", ""RIGHT"", ""RIGHT""]","{""road_phase"": ""HIGHWAY"", ""front_car_present"": 0, ""right_car_present"": 0, ""right_car_position"": ""NONE"", ""cross_left_car_present"": 0, ""cross_right_car_present"": 0}",NONE,,255.0939570646733,1,1
llm_inference,20600000000,20600.0,20927.868485,1782184059038615399,0,1,1,1,1,1,1,2740.522947490769,89.09745632230832,1,"[""RIGHT"", ""RIGHT"", ""RIGHT"", ""RIGHT""]","[""RIGHT"", ""RIGHT"", ""RIGHT"", ""RIGHT""]","{""road_phase"": ""HIGHWAY"", ""front_car_present"": 0, ""right_car_present"": 0, ""right_car_position"": ""NONE"", ""cross_left_car_present"": 0, ""cross_right_car_present"": 0}",NONE,,255.04399789497256,1,1
llm_inference,21000000000,21000.0,21324.794789,1782184059438615399,0,1,1,1,1,1,1,2703.438241680497,91.16517569166555,1,"[""RIGHT"", ""RIGHT"", ""RIGHT"", ""RIGHT""]","[""RIGHT"", ""RIGHT"", ""RIGHT"", ""RIGHT""]","{""road_phase"": ""HIGHWAY"", ""front_car_present"": 0, ""right_car_present"": 0, ""right_car_position"": ""NONE"", ""cross_left_car_present"": 0, ""cross_right_car_present"": 0}",NONE,,252.75283493101597,1,1
llm_inference,21400000000,21400.0,21758.850902,1782184059838615399,0,1,1,1,1,1,1,2666.353536486332,93.12394144485535,1,"[""RIGHT"", ""RIGHT"", ""RIGHT"", ""RIGHT""]","[""RIGHT"", ""RIGHT"", ""RIGHT"", ""RIGHT""]","{""road_phase"": ""HIGHWAY"", ""front_car_present"": 0, ""right_car_present"": 0, ""right_car_position"": ""NONE"", ""cross_left_car_present"": 0, ""cross_right_car_present"": 0}",NONE,,247.48558504506946,1,1
llm_inference,21800000000,21800.0,22126.755189,1782184060238615399,0,1,1,1,1,1,1,2629.180763778144,94.98992215599891,0,"[""RIGHT"", ""RIGHT"", ""RIGHT"", ""RIGHT""]","[""RIGHT"", ""RIGHT"", ""RIGHT"", ""RIGHT""]","{""road_phase"": ""HIGHWAY"", ""front_car_present"": 0, ""right_car_present"": 0, ""right_car_position"": ""NONE"", ""cross_left_car_present"": 0, ""cross_right_car_present"": 0}",NONE,,253.20831080898643,1,1
llm_inference,22200000000,22200.0,22523.948832,1782184060638615399,0,1,1,1,1,1,1,2592.065827726959,96.77181250120304,0,"[""RIGHT"", ""RIGHT"", ""RIGHT"", ""RIGHT""]","[""RIGHT"", ""RIGHT"", ""RIGHT"", ""RIGHT""]","{""road_phase"": ""HIGHWAY"", ""front_car_present"": 0, ""right_car_present"": 0, ""right_car_position"": ""NONE"", ""cross_left_car_present"": 0, ""cross_right_car_present"": 0}",NONE,,250.96070999279618,1,1
llm_inference,22600000000,22600.0,22922.454175,1782184061038615399,0,1,1,1,1,1,1,2555.3129096599287,98.40558674512452,1,"[""RIGHT"", ""RIGHT"", ""RIGHT"", ""RIGHT""]","[""RIGHT"", ""RIGHT"", ""RIGHT"", ""RIGHT""]","{""road_phase"": ""HIGHWAY"", ""front_car_present"": 0, ""right_car_present"": 0, ""right_car_position"": ""NONE"", ""cross_left_car_present"": 0, ""cross_right_car_present"": 0}",NONE,,249.6930230408907,1,1
llm_inference,23000000000,23000.0,23325.052412,1782184061438615399,0,1,1,1,1,1,1,2518.5890059554667,99.94308756603441,1,"[""RIGHT"", ""RIGHT"", ""RIGHT"", ""RIGHT""]","[""RIGHT"", ""RIGHT"", ""RIGHT"", ""RIGHT""]","{""road_phase"": ""HIGHWAY"", ""front_car_present"": 0, ""right_car_present"": 0, ""right_car_position"": ""NONE"", ""cross_left_car_present"": 0, ""cross_right_car_present"": 0}",NONE,,253.14376410096884,1,1
llm_inference,23400000000,23400.0,23765.821781,1782184061838615399,0,1,1,1,1,1,1,2481.8278711100274,101.42024726524464,1,"[""RIGHT"", ""RIGHT"", ""RIGHT"", ""RIGHT""]","[""RIGHT"", ""RIGHT"", ""RIGHT"", ""RIGHT""]","{""road_phase"": ""HIGHWAY"", ""front_car_present"": 0, ""right_car_present"": 0, ""right_car_position"": ""NONE"", ""cross_left_car_present"": 0, ""cross_right_car_present"": 0}",NONE,,256.52071204967797,1,1
llm_inference,23800000000,23800.0,24124.108932,1782184062238615399,0,1,1,1,1,1,1,2445.1348439044714,102.84522052033992,1,"[""RIGHT"", ""RIGHT"", ""RIGHT"", ""RIGHT""]","[""RIGHT"", ""RIGHT"", ""RIGHT"", ""RIGHT""]","{""road_phase"": ""HIGHWAY"", ""front_car_present"": 0, ""right_car_present"": 0, ""right_car_position"": ""NONE"", ""cross_left_car_present"": 0, ""cross_right_car_present"": 0}",NONE,,251.66197307407856,1,1
llm_inference,24200000000,24200.0,24524.875558,1782184062638615399,0,1,1,1,1,1,1,2408.215205906253,104.26683246339758,2,"[""RIGHT"", ""RIGHT"", ""RIGHT"", ""RIGHT""]","[""RIGHT"", ""RIGHT"", ""RIGHT"", ""RIGHT""]","{""road_phase"": ""HIGHWAY"", ""front_car_present"": 0, ""right_car_present"": 0, ""right_car_position"": ""NONE"", ""cross_left_car_present"": 0, ""cross_right_car_present"": 0}",NONE,,252.28313985280693,1,1
llm_inference,24600000000,24600.0,24922.4664,1782184063038615399,0,1,1,1,1,1,1,2371.075096773908,105.7081550620144,2,"[""RIGHT"", ""RIGHT"", ""RIGHT"", ""RIGHT""]","[""RIGHT"", ""CENTER"", ""CENTER"", ""CENTER""]","{""road_phase"": ""HIGHWAY"", ""front_car_present"": 0, ""right_car_present"": 0, ""right_car_position"": ""NONE"", ""cross_left_car_present"": 0, ""cross_right_car_present"": 0}",NONE,,249.51604288071394,1,1
llm_inference,25000000000,25000.0,25324.102368,1782184063438615399,0,1,1,1,1,1,1,2334.0550786867243,106.96457296334728,1,"[""RIGHT"", ""RIGHT"", ""RIGHT"", ""RIGHT""]","[""CENTER"", ""CENTER"", ""CENTER"", ""CENTER""]","{""road_phase"": ""HIGHWAY"", ""front_car_present"": 0, ""right_car_present"": 0, ""right_car_position"": ""NONE"", ""cross_left_car_present"": 0, ""cross_right_car_present"": 0}",NONE,,250.319013139233,1,1
llm_inference,25400000000,25400.0,25761.96597,1782184063838615399,0,1,1,1,1,1,1,2297.0681905633674,108.19531100620767,1,"[""RIGHT"", ""RIGHT"", ""RIGHT"", ""RIGHT""]","[""CENTER"", ""CENTER"", ""CENTER"", ""CENTER""]","{""road_phase"": ""HIGHWAY"", ""front_car_present"": 0, ""right_car_present"": 0, ""right_car_position"": ""NONE"", ""cross_left_car_present"": 0, ""cross_right_car_present"": 0}",NONE,,253.31229506991804,1,1
llm_inference,25800000000,25800.0,26118.498219,1782184064238615399,0,1,1,1,1,1,1,2259.920100086105,109.3745137653905,1,"[""RIGHT"", ""RIGHT"", ""RIGHT"", ""RIGHT""]","[""CENTER"", ""CENTER"", ""CENTER"", ""CENTER""]","{""road_phase"": ""HIGHWAY"", ""front_car_present"": 0, ""right_car_present"": 0, ""right_car_position"": ""NONE"", ""cross_left_car_present"": 0, ""cross_right_car_present"": 0}",NONE,,245.87532598525286,1,1
llm_inference,26200000000,26200.0,26536.53213,1782184064638615399,0,1,1,1,1,1,1,2222.6523603678024,110.49766879130773,1,"[""RIGHT"", ""RIGHT"", ""RIGHT"", ""RIGHT""]","[""CENTER"", ""CENTER"", ""CENTER"", ""CENTER""]","{""road_phase"": ""HIGHWAY"", ""front_car_present"": 0, ""right_car_present"": 0, ""right_car_position"": ""NONE"", ""cross_left_car_present"": 0, ""cross_right_car_present"": 0}",WARNING,Reduce speed.,263.74631910584867,1,1
llm_inference,26600000000,26600.0,26962.806923,1782184065038615399,0,1,1,1,1,1,1,2185.473096615013,111.5403928755824,1,"[""RIGHT"", ""CENTER"", ""CENTER"", ""CENTER""]","[""CENTER"", ""CENTER"", ""CENTER"", ""CENTER""]","{""road_phase"": ""HIGHWAY"", ""front_car_present"": 0, ""right_car_present"": 0, ""right_car_position"": ""NONE"", ""cross_left_car_present"": 0, ""cross_right_car_present"": 0}",NONE,,289.9587480351329,1,1
llm_inference,27000000000,27000.0,27332.61349,1782184065438615399,0,1,1,1,1,1,1,2148.2943526183208,112.55915386148276,1,"[""CENTER"", ""CENTER"", ""CENTER"", ""CENTER""]","[""CENTER"", ""CENTER"", ""CENTER"", ""CENTER""]","{""road_phase"": ""HIGHWAY"", ""front_car_present"": 0, ""right_car_present"": 0, ""right_car_position"": ""NONE"", ""cross_left_car_present"": 0, ""cross_right_car_present"": 0}",NONE,,259.8501369357109,1,1
llm_inference,27400000000,27400.0,27743.735219,1782184065838615399,0,1,1,1,1,1,1,2111.1155986551576,113.52069487272607,1,"[""CENTER"", ""CENTER"", ""CENTER"", ""CENTER""]","[""CENTER"", ""CENTER"", ""CENTER"", ""CENTER""]","{""road_phase"": ""HIGHWAY"", ""front_car_present"": 0, ""right_car_present"": 0, ""right_car_position"": ""NONE"", ""cross_left_car_present"": 0, ""cross_right_car_present"": 0}",NONE,,236.15897190757096,1,1
llm_inference,27800000000,27800.0,28130.422659,1782184066238615399,0,1,1,1,1,1,1,2073.9368371220144,114.41517602198552,1,"[""CENTER"", ""CENTER"", ""CENTER"", ""CENTER""]","[""CENTER"", ""CENTER"", ""CENTER"", ""CENTER""]","{""road_phase"": ""HIGHWAY"", ""front_car_present"": 0, ""right_car_present"": 0, ""right_car_position"": ""NONE"", ""cross_left_car_present"": 0, ""cross_right_car_present"": 0}",NONE,,257.2082330007106,1,1
llm_inference,28200000000,28200.0,28518.700932,1782184066638615399,0,1,1,1,1,1,1,2036.758069865186,115.54112356113704,1,"[""CENTER"", ""CENTER"", ""CENTER"", ""CENTER""]","[""CENTER"", ""CENTER"", ""CENTER"", ""CENTER""]","{""road_phase"": ""HIGHWAY"", ""front_car_present"": 0, ""right_car_present"": 0, ""right_car_position"": ""NONE"", ""cross_left_car_present"": 0, ""cross_right_car_present"": 0}",WARNING,Reduce speed.,245.24802598170936,1,1
llm_inference,28600000000,28600.0,28917.795654,1782184067038615399,0,1,1,1,1,1,1,1999.5792983050346,116.80843916583456,1,"[""CENTER"", ""CENTER"", ""CENTER"", ""CENTER""]","[""CENTER"", ""CENTER"", ""CENTER"", ""CENTER""]","{""road_phase"": ""HIGHWAY"", ""front_car_present"": 0, ""right_car_present"": 0, ""right_car_position"": ""NONE"", ""cross_left_car_present"": 0, ""cross_right_car_present"": 0}",NONE,,244.58638997748494,1,1
llm_inference,29000000000,29000.0,29320.302312,1782184067438615399,0,1,1,1,1,1,1,1962.4005235391853,114.6598100496237,1,"[""CENTER"", ""CENTER"", ""CENTER"", ""CENTER""]","[""CENTER"", ""CENTER"", ""CENTER"", ""CENTER""]","{""road_phase"": ""HIGHWAY"", ""front_car_present"": 0, ""right_car_present"": 0, ""right_car_position"": ""NONE"", ""cross_left_car_present"": 0, ""cross_right_car_present"": 0}",NONE,,248.19558998569846,1,1
llm_inference,29400000000,29400.0,29762.583686,1782184067838615399,0,1,1,1,1,1,1,1925.2217464129262,111.76214752429094,1,"[""CENTER"", ""CENTER"", ""CENTER"", ""CENTER""]","[""CENTER"", ""CENTER"", ""CENTER"", ""RIGHT""]","{""road_phase"": ""HIGHWAY"", ""front_car_present"": 0, ""right_car_present"": 0, ""right_car_position"": ""NONE"", ""cross_left_car_present"": 0, ""cross_right_car_present"": 0}",NONE,,250.4945059772581,1,1
llm_inference,29800000000,29800.0,30115.742711,1782184068238615399,0,1,1,1,1,1,1,1888.0429675672967,109.006227511896,1,"[""CENTER"", ""CENTER"", ""CENTER"", ""CENTER""]","[""RIGHT"", ""RIGHT"", ""RIGHT"", ""RIGHT""]","{""road_phase"": ""HIGHWAY"", ""front_car_present"": 0, ""right_car_present"": 0, ""right_car_position"": ""NONE"", ""cross_left_car_present"": 0, ""cross_right_car_present"": 0}",NONE,,242.97780310735106,1,1
llm_inference,30200000000,30200.0,30522.850414,1782184068638615399,0,1,1,1,1,1,1,1850.8641874831733,106.38184177572089,1,"[""CENTER"", ""CENTER"", ""CENTER"", ""CENTER""]","[""RIGHT"", ""RIGHT"", ""RIGHT"", ""RIGHT""]","{""road_phase"": ""HIGHWAY"", ""front_car_present"": 0, ""right_car_present"": 0, ""right_car_position"": ""NONE"", ""cross_left_car_present"": 0, ""cross_right_car_present"": 0}",NONE,,250.76127494685352,1,1
llm_inference,30600000000,30600.0,30925.270601,1782184069038615399,0,1,1,1,1,1,1,1813.6854065186926,103.87974068339032,1,"[""CENTER"", ""CENTER"", ""CENTER"", ""CENTER""]","[""RIGHT"", ""RIGHT"", ""RIGHT"", ""RIGHT""]","{""road_phase"": ""HIGHWAY"", ""front_car_present"": 0, ""right_car_present"": 0, ""right_car_position"": ""NONE"", ""cross_left_car_present"": 0, ""cross_right_car_present"": 0}",NONE,,252.42400891147554,1,1
llm_inference,31000000000,31000.0,31311.821741,1782184069438615399,0,1,1,1,1,1,1,1776.5066249388751,101.49152314638326,1,"[""CENTER"", ""CENTER"", ""CENTER"", ""CENTER""]","[""RIGHT"", ""RIGHT"", ""RIGHT"", ""RIGHT""]","{""road_phase"": ""HIGHWAY"", ""front_car_present"": 0, ""right_car_present"": 0, ""right_car_position"": ""NONE"", ""cross_left_car_present"": 0, ""cross_right_car_present"": 0}",NONE,,238.6661630589515,1,1
llm_inference,31400000000,31400.0,31765.836843,1782184069838615399,0,1,1,1,1,1,1,1739.3278429382208,99.20954139576871,1,"[""CENTER"", ""CENTER"", ""CENTER"", ""CENTER""]","[""RIGHT"", ""RIGHT"", ""RIGHT"", ""RIGHT""]","{""road_phase"": ""HIGHWAY"", ""front_car_present"": 0, ""right_car_present"": 0, ""right_car_position"": ""NONE"", ""cross_left_car_present"": 0, ""cross_right_car_present"": 0}",NONE,,254.89041209220886,1,1
llm_inference,31800000000,31800.0,32119.492709,1782184070238615399,0,1,1,1,1,1,1,1702.1490606598086,97.0268183105318,1,"[""CENTER"", ""CENTER"", ""CENTER"", ""CENTER""]","[""RIGHT"", ""RIGHT"", ""RIGHT"", ""RIGHT""]","{""road_phase"": ""HIGHWAY"", ""front_car_present"": 0, ""right_car_present"": 0, ""right_car_position"": ""NONE"", ""cross_left_car_present"": 0, ""cross_right_car_present"": 0}",NONE,,246.71333492733538,1,1
llm_inference,32200000000,32200.0,32511.629959,1782184070638615399,0,1,1,1,1,1,1,1664.9702782090299,94.93697540816964,1,"[""CENTER"", ""CENTER"", ""CENTER"", ""CENTER""]","[""CENTER"", ""CENTER"", ""CENTER"", ""CENTER""]","{""road_phase"": ""HIGHWAY"", ""front_car_present"": 0, ""right_car_present"": 0, ""right_car_position"": ""NONE"", ""cross_left_car_present"": 0, ""cross_right_car_present"": 0}",NONE,,238.63336397334933,1,1
llm_inference,32600000000,32600.0,32939.630741,1782184071038615399,0,1,1,1,1,1,1,1627.7597676823157,92.9341699259117,0,"[""CENTER"", ""CENTER"", ""CENTER"", ""CENTER""]","[""CENTER"", ""CENTER"", ""CENTER"", ""CENTER""]","{""road_phase"": ""HIGHWAY"", ""front_car_present"": 0, ""right_car_present"": 0, ""right_car_position"": ""NONE"", ""cross_left_car_present"": 0, ""cross_right_car_present"": 0}",NONE,,266.85875514522195,1,1
llm_inference,33000000000,33000.0,33331.648152,1782184071438615399,0,1,1,1,1,1,1,1590.8799272564306,91.01303968037053,1,"[""CENTER"", ""CENTER"", ""CENTER"", ""CENTER""]","[""CENTER"", ""CENTER"", ""CENTER"", ""CENTER""]","{""road_phase"": ""HIGHWAY"", ""front_car_present"": 0, ""right_car_present"": 0, ""right_car_position"": ""NONE"", ""cross_left_car_present"": 0, ""cross_right_car_present"": 0}",NONE,,257.94534594751894,1,1
llm_inference,33400000000,33400.0,33777.820694,1782184071838615399,0,1,1,1,1,1,1,1554.0824270903408,89.1686546056463,1,"[""CENTER"", ""CENTER"", ""CENTER"", ""CENTER""]","[""CENTER"", ""CENTER"", ""CENTER"", ""CENTER""]","{""road_phase"": ""HIGHWAY"", ""front_car_present"": 0, ""right_car_present"": 0, ""right_car_position"": ""NONE"", ""cross_left_car_present"": 0, ""cross_right_car_present"": 0}",NONE,,268.3824331033975,1,1
llm_inference,33800000000,33800.0,34121.687476,1782184072238615399,0,1,1,1,1,1,1,1517.137634195596,87.39647404426111,1,"[""CENTER"", ""CENTER"", ""CENTER"", ""CENTER""]","[""CENTER"", ""CENTER"", ""CENTER"", ""CENTER""]","{""road_phase"": ""HIGHWAY"", ""front_car_present"": 0, ""right_car_present"": 0, ""right_car_position"": ""NONE"", ""cross_left_car_present"": 0, ""cross_right_car_present"": 0}",NONE,,249.91361098363996,1,1
llm_inference,34200000000,34200.0,34518.659677,1782184072638615399,0,1,1,1,1,1,1,1480.2919256475757,85.69230900914938,1,"[""CENTER"", ""CENTER"", ""CENTER"", ""CENTER""]","[""CENTER"", ""CENTER"", ""CENTER"", ""CENTER""]","{""road_phase"": ""HIGHWAY"", ""front_car_present"": 0, ""right_car_present"": 0, ""right_car_position"": ""NONE"", ""cross_left_car_present"": 0, ""cross_right_car_present"": 0}",NONE,,247.33809498138726,1,1
llm_inference,34600000000,34600.0,34925.26277,1782184073038615399,0,1,1,1,1,1,1,1443.365151653797,84.0522887540991,2,"[""CENTER"", ""CENTER"", ""CENTER"", ""CENTER""]","[""CENTER"", ""CENTER"", ""CENTER"", ""CENTER""]","{""road_phase"": ""HIGHWAY"", ""front_car_present"": 0, ""right_car_present"": 0, ""right_car_position"": ""NONE"", ""cross_left_car_present"": 0, ""cross_right_car_present"": 0}",NONE,,252.6363900396973,1,1
llm_inference,35000000000,35000.0,35323.563173,1782184073438615399,0,1,1,1,1,1,1,1406.254781402603,82.47283108914351,2,"[""CENTER"", ""CENTER"", ""CENTER"", ""CENTER""]","[""CENTER"", ""CENTER"", ""CENTER"", ""CENTER""]","{""road_phase"": ""HIGHWAY"", ""front_car_present"": 0, ""right_car_present"": 1, ""right_car_position"": ""RIGHT_REAR"", ""cross_left_car_present"": 0, ""cross_right_car_present"": 0}",WARNING,Increase speed.,250.87848701514304,1,1
llm_inference,35400000000,35400.0,35791.086201,1782184073838615399,0,1,1,1,1,1,1,1369.0455272550503,80.95061596013032,1,"[""CENTER"", ""CENTER"", ""CENTER"", ""CENTER""]","[""CENTER"", ""CENTER"", ""CENTER"", ""CENTER""]","{""road_phase"": ""HIGHWAY"", ""front_car_present"": 0, ""right_car_present"": 1, ""right_car_position"": ""RIGHT_REAR"", ""cross_left_car_present"": 0, ""cross_right_car_present"": 0}",WARNING,Increase speed.,281.0911168344319,1,1
llm_inference,35800000000,35800.0,36135.408382,1782184074238615399,0,1,1,1,1,1,1,1331.8907383392125,79.48256188099943,1,"[""CENTER"", ""CENTER"", ""CENTER"", ""CENTER""]","[""CENTER"", ""CENTER"", ""CENTER"", ""CENTER""]","{""road_phase"": ""HIGHWAY"", ""front_car_present"": 0, ""right_car_present"": 1, ""right_car_position"": ""RIGHT_REAR"", ""cross_left_car_present"": 0, ""cross_right_car_present"": 0}",WARNING,Increase speed.,261.89545006491244,1,1
llm_inference,36200000000,36200.0,36528.895644,1782184074638615399,0,1,1,1,1,1,1,1294.735896814233,78.06580486555964,1,"[""CENTER"", ""CENTER"", ""CENTER"", ""CENTER""]","[""CENTER"", ""CENTER"", ""CENTER"", ""CENTER""]","{""road_phase"": ""HIGHWAY"", ""front_car_present"": 0, ""right_car_present"": 1, ""right_car_position"": ""RIGHT_REAR"", ""cross_left_car_present"": 0, ""cross_right_car_present"": 0}",WARNING,Increase speed.,257.3595978319645,1,1
llm_inference,36600000000,36600.0,36921.730779,1782184075038615399,0,1,1,1,1,1,1,1257.5810146050708,76.69767955469088,1,"[""CENTER"", ""CENTER"", ""CENTER"", ""CENTER""]","[""CENTER"", ""CENTER"", ""CENTER"", ""CENTER""]","{""road_phase"": ""HIGHWAY"", ""front_car_present"": 0, ""right_car_present"": 1, ""right_car_position"": ""RIGHT_REAR"", ""cross_left_car_present"": 0, ""cross_right_car_present"": 0}",WARNING,Increase speed.,248.80253593437374,1,1
llm_inference,37000000000,37000.0,37331.939015,1782184075438615399,0,1,1,1,1,1,1,1220.426101399521,75.37570227647352,1,"[""CENTER"", ""CENTER"", ""CENTER"", ""CENTER""]","[""CENTER"", ""CENTER"", ""CENTER"", ""CENTER""]","{""road_phase"": ""HIGHWAY"", ""front_car_present"": 0, ""right_car_present"": 1, ""right_car_position"": ""RIGHT_REAR"", ""cross_left_car_present"": 0, ""cross_right_car_present"": 0}",WARNING,Increase speed.,258.8096901308745,1,1
llm_inference,37400000000,37400.0,37764.487793,1782184075838615399,0,1,1,1,1,1,1,1183.2711646713178,74.09755581203031,1,"[""CENTER"", ""CENTER"", ""CENTER"", ""CENTER""]","[""CENTER"", ""CENTER"", ""CENTER"", ""CENTER""]","{""road_phase"": ""HIGHWAY"", ""front_car_present"": 0, ""right_car_present"": 1, ""right_car_position"": ""RIGHT_REAR"", ""cross_left_car_present"": 0, ""cross_right_car_present"": 0}",WARNING,Increase speed.,239.89325808361173,1,1
llm_inference,37800000000,37800.0,38122.267447,1782184076238615399,0,1,1,1,1,1,1,1146.1162101761615,72.86107566990178,2,"[""RIGHT"", ""RIGHT"", ""RIGHT"", ""RIGHT""]","[""CENTER"", ""CENTER"", ""CENTER"", ""CENTER""]","{""road_phase"": ""HIGHWAY"", ""front_car_present"": 0, ""right_car_present"": 1, ""right_car_position"": ""RIGHT_REAR"", ""cross_left_car_present"": 0, ""cross_right_car_present"": 0}",WARNING,Increase speed.,250.1059351488948,1,1
llm_inference,38200000000,38200.0,38522.944775,1782184076638615399,0,1,1,1,1,1,1,1109.1344507264103,71.66423769741456,2,"[""RIGHT"", ""RIGHT"", ""RIGHT"", ""RIGHT""]","[""RIGHT"", ""RIGHT"", ""RIGHT"", ""RIGHT""]","{""road_phase"": ""HIGHWAY"", ""front_car_present"": 0, ""right_car_present"": 1, ""right_car_position"": ""RIGHT_REAR"", ""cross_left_car_present"": 0, ""cross_right_car_present"": 0}",WARNING,Increase speed.,249.93656994774938,1,1
llm_inference,38600000000,38600.0,38911.413243,1782184077038615399,0,1,1,1,1,1,1,1072.8290219477026,70.50514687944917,2,"[""RIGHT"", ""RIGHT"", ""RIGHT"", ""RIGHT""]","[""RIGHT"", ""RIGHT"", ""RIGHT"", ""RIGHT""]","{""road_phase"": ""HIGHWAY"", ""front_car_present"": 0, ""right_car_present"": 1, ""right_car_position"": ""RIGHT_REAR"", ""cross_left_car_present"": 0, ""cross_right_car_present"": 0}",WARNING,Increase speed.,239.2716989852488,1,1
llm_inference,39000000000,39000.0,39328.72724,1782184077438615399,0,1,1,1,1,1,1,1037.5241427705741,69.38202719385049,1,"[""RIGHT"", ""RIGHT"", ""RIGHT"", ""RIGHT""]","[""RIGHT"", ""RIGHT"", ""RIGHT"", ""RIGHT""]","{""road_phase"": ""HIGHWAY"", ""front_car_present"": 0, ""right_car_present"": 0, ""right_car_position"": ""NONE"", ""cross_left_car_present"": 0, ""cross_right_car_present"": 0}",WARNING,Increase speed.,255.57217304594815,1,1
llm_inference,39400000000,39400.0,39748.968953,1782184077838615399,0,1,1,1,1,1,1,1002.4788070831714,68.29321240893219,0,"[""RIGHT"", ""RIGHT"", ""RIGHT"", ""CENTER""]","[""RIGHT"", ""RIGHT"", ""RIGHT"", ""RIGHT""]","{""road_phase"": ""HIGHWAY"", ""front_car_present"": 0, ""right_car_present"": 0, ""right_car_position"": ""NONE"", ""cross_left_car_present"": 0, ""cross_right_car_present"": 0}",WARNING,Increase speed.,234.8320649471134,1,1
llm_inference,39800000000,39800.0,40106.665387,1782184078238615399,0,1,1,1,1,1,1,966.6152341576867,67.23713772250869,0,"[""CENTER"", ""CENTER"", ""CENTER"", ""CENTER""]","[""RIGHT"", ""RIGHT"", ""RIGHT"", ""RIGHT""]","{""road_phase"": ""LANE_CHANGE"", ""front_car_present"": 0, ""right_car_present"": 0, ""right_car_position"": ""NONE"", ""cross_left_car_present"": 0, ""cross_right_car_present"": 0}",WARNING,Increase speed.,234.3831048347056,1,1
llm_inference,40200000000,40200.0,40518.405451,1782184078638615399,0,1,1,1,1,1,1,929.9386425325556,66.21233215397781,0,"[""CENTER"", ""CENTER"", ""CENTER"", ""CENTER""]","[""RIGHT"", ""RIGHT"", ""RIGHT"", ""RIGHT""]","{""road_phase"": ""LANE_CHANGE"", ""front_car_present"": 0, ""right_car_present"": 0, ""right_car_position"": ""NONE"", ""cross_left_car_present"": 0, ""cross_right_car_present"": 0}",NONE,,245.79148110933602,1,1
llm_inference,40600000000,40600.0,40913.788206,1782184079038615399,0,1,1,1,1,1,1,892.8472033389098,65.21741161145586,0,"[""CENTER"", ""CENTER"", ""CENTER"", ""CENTER""]","[""RIGHT"", ""CENTER"", ""CENTER"", ""CENTER""]","{""road_phase"": ""LANE_CHANGE"", ""front_car_present"": 0, ""right_car_present"": 0, ""right_car_position"": ""NONE"", ""cross_left_car_present"": 0, ""cross_right_car_present"": 0}",WARNING,Increase speed.,240.86493090726435,1,1
llm_inference,41000000000,41000.0,41351.717529,1782184079438615399,0,1,1,1,1,1,1,855.7422749375755,64.25107256506887,0,"[""CENTER"", ""CENTER"", ""CENTER"", ""CENTER""]","[""CENTER"", ""CENTER"", ""CENTER"", ""CENTER""]","{""road_phase"": ""LANE_CHANGE"", ""front_car_present"": 0, ""right_car_present"": 0, ""right_car_position"": ""NONE"", ""cross_left_car_present"": 0, ""cross_right_car_present"": 0}",WARNING,Increase speed.,279.8012890852988,1,1
llm_inference,41400000000,41400.0,41773.972877,1782184079838615399,0,1,1,1,1,1,1,818.9083309839516,63.31208626542789,2,"[""CENTER"", ""CENTER"", ""CENTER"", ""CENTER""]","[""CENTER"", ""CENTER"", ""CENTER"", ""CENTER""]","{""road_phase"": ""LANE_CHANGE"", ""front_car_present"": 0, ""right_car_present"": 0, ""right_car_position"": ""NONE"", ""cross_left_car_present"": 0, ""cross_right_car_present"": 0}",NONE,,262.4294140841812,1,1
llm_inference,41800000000,41800.0,42121.270435,1782184080238615399,0,1,1,1,1,1,1,781.8789754292297,62.399293453229184,2,"[""CENTER"", ""CENTER"", ""CENTER"", ""CENTER""]","[""CENTER"", ""CENTER"", ""CENTER"", ""CENTER""]","{""road_phase"": ""LANE_CHANGE"", ""front_car_present"": 0, ""right_car_present"": 0, ""right_car_position"": ""NONE"", ""cross_left_car_present"": 0, ""cross_right_car_present"": 0}",NONE,,249.37494494952261,1,1
llm_inference,42200000000,42200.0,42531.968268,1782184080638615399,0,1,1,1,1,1,1,744.7316763621366,61.5115995119625,1,"[""CENTER"", ""CENTER"", ""CENTER"", ""CENTER""]","[""CENTER"", ""CENTER"", ""CENTER"", ""CENTER""]","{""road_phase"": ""LANE_CHANGE"", ""front_car_present"": 0, ""right_car_present"": 0, ""right_car_position"": ""NONE"", ""cross_left_car_present"": 0, ""cross_right_car_present"": 0}",NONE,,259.0992199257016,1,1
llm_inference,42600000000,42600.0,42921.279059,1782184081038615399,0,1,1,1,1,1,1,707.5141801689356,60.64797002100515,1,"[""CENTER"", ""CENTER"", ""CENTER"", ""CENTER""]","[""CENTER"", ""CENTER"", ""CENTER"", ""CENTER""]","{""road_phase"": ""LANE_CHANGE"", ""front_car_present"": 0, ""right_car_present"": 0, ""right_car_position"": ""NONE"", ""cross_left_car_present"": 0, ""cross_right_car_present"": 0}",NONE,,248.8957680761814,1,1
llm_inference,43000000000,43000.0,43325.823964,1782184081438615399,0,1,1,1,1,1,1,670.2974638051492,59.80742667102413,1,"[""CENTER"", ""CENTER"", ""CENTER"", ""CENTER""]","[""CENTER"", ""CENTER"", ""CENTER"", ""CENTER""]","{""road_phase"": ""LANE_CHANGE"", ""front_car_present"": 0, ""right_car_present"": 0, ""right_car_position"": ""NONE"", ""cross_left_car_present"": 0, ""cross_right_car_present"": 0}",NONE,,253.75268585048616,1,1
llm_inference,43400000000,43400.0,43755.685999,1782184081838615399,0,1,1,1,1,1,1,633.0628279184348,58.989043507693644,1,"[""CENTER"", ""CENTER"", ""CENTER"", ""CENTER""]","[""CENTER"", ""CENTER"", ""CENTER"", ""CENTER""]","{""road_phase"": ""LANE_CHANGE"", ""front_car_present"": 0, ""right_car_present"": 0, ""right_car_position"": ""NONE"", ""cross_left_car_present"": 0, ""cross_right_car_present"": 0}",NONE,,241.17468786425889,1,1
llm_inference,43800000000,43800.0,44146.882938,1782184082238615399,0,1,1,1,1,1,1,595.8940994110571,58.191943473333595,1,"[""CENTER"", ""CENTER"", ""CENTER"", ""CENTER""]","[""CENTER"", ""CENTER"", ""CENTER"", ""CENTER""]","{""road_phase"": ""LANE_CHANGE"", ""front_car_present"": 0, ""right_car_present"": 0, ""right_car_position"": ""NONE"", ""cross_left_car_present"": 0, ""cross_right_car_present"": 0}",NONE,,273.4438991174102,1,1
llm_inference,44200000000,44200.0,44547.011026,1782184082638615399,0,1,1,1,1,1,1,558.7253532478549,57.415295219249394,1,"[""CENTER"", ""CENTER"", ""CENTER"", ""CENTER""]","[""CENTER"", ""CENTER"", ""CENTER"", ""CENTER""]","{""road_phase"": ""LANE_CHANGE"", ""front_car_present"": 0, ""right_car_present"": 0, ""right_car_position"": ""NONE"", ""cross_left_car_present"": 0, ""cross_right_car_present"": 0}",NONE,,274.2198081687093,1,1
llm_inference,44600000000,44600.0,44950.574129,1782184083038615399,0,1,1,1,1,1,1,521.5565936961339,56.65831016436021,1,"[""CENTER"", ""CENTER"", ""CENTER"", ""CENTER""]","[""CENTER"", ""CENTER"", ""CENTER"", ""CENTER""]","{""road_phase"": ""LANE_CHANGE"", ""front_car_present"": 0, ""right_car_present"": 0, ""right_car_position"": ""NONE"", ""cross_left_car_present"": 0, ""cross_right_car_present"": 0}",NONE,,279.00326694361866,1,1
llm_inference,45000000000,45000.0,45331.312215,1782184083438615399,0,1,1,1,1,1,1,484.3878240410986,55.920239778187955,1,"[""CENTER"", ""CENTER"", ""CENTER"", ""CENTER""]","[""CENTER"", ""CENTER"", ""CENTER"", ""CENTER""]","{""road_phase"": ""LANE_CHANGE"", ""front_car_present"": 0, ""right_car_present"": 0, ""right_car_position"": ""NONE"", ""cross_left_car_present"": 0, ""cross_right_car_present"": 0}",NONE,,257.67225306481123,1,1
llm_inference,45400000000,45400.0,45772.523165,1782184083838615399,0,1,1,1,1,1,1,447.21904680670104,55.20037306848322,1,"[""CENTER"", ""CENTER"", ""CENTER"", ""CENTER""]","[""CENTER"", ""CENTER"", ""CENTER"", ""CENTER""]","{""road_phase"": ""LANE_CHANGE"", ""front_car_present"": 0, ""right_car_present"": 0, ""right_car_position"": ""NONE"", ""cross_left_car_present"": 0, ""cross_right_car_present"": 0}",NONE,,261.8119700346142,1,1
llm_inference,45800000000,45800.0,46149.426316,1782184084238615399,0,1,1,1,1,1,1,409.99100445298063,54.49803425572202,2,"[""CENTER"", ""CENTER"", ""CENTER"", ""CENTER""]","[""CENTER"", ""CENTER"", ""CENTER"", ""CENTER""]","{""road_phase"": ""LANE_CHANGE"", ""front_car_present"": 0, ""right_car_present"": 0, ""right_car_position"": ""NONE"", ""cross_left_car_present"": 0, ""cross_right_car_present"": 0}",NONE,,277.39498391747475,1,1
llm_inference,46200000000,46200.0,46543.284515,1782184084638615399,0,1,1,1,1,1,1,372.90813932415585,53.81258061844929,2,"[""CENTER"", ""CENTER"", ""CENTER"", ""CENTER""]","[""CENTER"", ""CENTER"", ""CENTER"", ""CENTER""]","{""road_phase"": ""LANE_CHANGE"", ""front_car_present"": 0, ""right_car_present"": 0, ""right_car_position"": ""NONE"", ""cross_left_car_present"": 0, ""cross_right_car_present"": 0}",NONE,,268.6687889508903,1,1
llm_inference,46600000000,46600.0,46939.020274,1782184085038615399,0,1,1,1,1,1,1,336.04704833105916,53.14340049499679,0,"[""CENTER"", ""CENTER"", ""CENTER"", ""CENTER""]","[""CENTER"", ""CENTER"", ""CENTER"", ""CENTER""]","{""road_phase"": ""LANE_CHANGE"", ""front_car_present"": 0, ""right_car_present"": 0, ""right_car_position"": ""NONE"", ""cross_left_car_present"": 0, ""cross_right_car_present"": 0}",NONE,,266.1248161457479,1,1
llm_inference,47000000000,47000.0,47327.755326,1782184085438615399,0,1,1,1,1,1,1,298.9704530064446,52.48991142848789,0,"[""CENTER"", ""CENTER"", ""CENTER"", ""CENTER""]","[""CENTER"", ""CENTER"", ""CENTER"", ""CENTER""]","{""road_phase"": ""LANE_CHANGE"", ""front_car_present"": 0, ""right_car_present"": 0, ""right_car_position"": ""NONE"", ""cross_left_car_present"": 0, ""cross_right_car_present"": 0}",NONE,,255.78275811858475,1,1
llm_inference,47400000000,47400.0,47772.610921,1782184085838615399,0,1,1,1,1,1,1,261.83037987985335,51.851558443279224,1,"[""CENTER"", ""CENTER"", ""CENTER"", ""CENTER""]","[""CENTER"", ""CENTER"", ""CENTER"", ""CENTER""]","{""road_phase"": ""LANE_CHANGE"", ""front_car_present"": 0, ""right_car_present"": 0, ""right_car_position"": ""NONE"", ""cross_left_car_present"": 0, ""cross_right_car_present"": 0}",NONE,,263.2734039798379,1,1
llm_inference,47800000000,47800.0,48135.945428,1782184086238615399,0,1,1,1,1,1,1,224.63563333640968,51.227812442096536,1,"[""CENTER"", ""CENTER"", ""CENTER"", ""CENTER""]","[""CENTER"", ""CENTER"", ""CENTER"", ""CENTER""]","{""road_phase"": ""LANE_CHANGE"", ""front_car_present"": 0, ""right_car_present"": 0, ""right_car_position"": ""NONE"", ""cross_left_car_present"": 0, ""cross_right_car_present"": 0}",NONE,,262.533409986645,1,1
llm_inference,48200000000,48200.0,48527.303316,1782184086638615399,0,1,1,1,1,1,1,187.50630412857345,50.61816871411424,1,"[""CENTER"", ""CENTER"", ""CENTER"", ""CENTER""]","[""CENTER"", ""CENTER"", ""CENTER"", ""CENTER""]","{""road_phase"": ""LANE_CHANGE"", ""front_car_present"": 0, ""right_car_present"": 0, ""right_car_position"": ""NONE"", ""cross_left_car_present"": 0, ""cross_right_car_present"": 0}",NONE,,254.68624709174037,1,1
llm_inference,48600000000,48600.0,48941.785471,1782184087038615399,0,1,1,1,1,1,1,150.37695386946825,50.022145545118455,1,"[""CENTER"", ""CENTER"", ""CENTER"", ""CENTER""]","[""CENTER"", ""CENTER"", ""CENTER"", ""CENTER""]","{""road_phase"": ""LANE_CHANGE"", ""front_car_present"": 0, ""right_car_present"": 0, ""right_car_position"": ""NONE"", ""cross_left_car_present"": 0, ""cross_right_car_present"": 0}",WARNING,Look right before changing lanes.,268.7962760683149,1,1
llm_inference,49000000000,49000.0,49367.608981,1782184087438615399,0,1,1,1,1,1,1,113.18111331276123,49.43928292169313,2,"[""CENTER"", ""CENTER"", ""CENTER"", ""CENTER""]","[""CENTER"", ""CENTER"", ""CENTER"", ""CENTER""]","{""road_phase"": ""LANE_CHANGE"", ""front_car_present"": 0, ""right_car_present"": 0, ""right_car_position"": ""NONE"", ""cross_left_car_present"": 0, ""cross_right_car_present"": 0}",NONE,,293.9940330106765,1,1
llm_inference,49400000000,49400.0,49775.046491,1782184087838615399,0,1,1,1,1,1,1,76.05637979288258,48.86914132208839,2,"[""CENTER"", ""CENTER"", ""CENTER"", ""CENTER""]","[""CENTER"", ""CENTER"", ""CENTER"", ""CENTER""]","{""road_phase"": ""LANE_CHANGE"", ""front_car_present"": 0, ""right_car_present"": 0, ""right_car_position"": ""NONE"", ""cross_left_car_present"": 0, ""cross_right_car_present"": 0}",NONE,,259.2858481220901,1,1
llm_inference,49800000000,49800.0,50134.756136,1782184088238615399,0,1,1,1,1,1,1,39.26549667937934,48.311300587078186,2,"[""CENTER"", ""CENTER"", ""CENTER"", ""CENTER""]","[""CENTER"", ""CENTER"", ""CENTER"", ""CENTER""]","{""road_phase"": ""LANE_CHANGE"", ""front_car_present"": 0, ""right_car_present"": 0, ""right_car_position"": ""NONE"", ""cross_left_car_present"": 0, ""cross_right_car_present"": 0}",NONE,,262.8540759906173,1,1
llm_inference,50200000000,50200.0,50519.194457,1782184088638615399,0,1,1,1,1,1,1,3.424718080551429,47.76535886469877,2,"[""CENTER"", ""CENTER"", ""CENTER"", ""CENTER""]","[""CENTER"", ""CENTER"", ""CENTER"", ""CENTER""]","{""road_phase"": ""LANE_CHANGE"", ""front_car_present"": 0, ""right_car_present"": 0, ""right_car_position"": ""NONE"", ""cross_left_car_present"": 0, ""cross_right_car_present"": 0}",NONE,,248.23662894777954,1,1
llm_inference,50600000000,50600.0,50920.195619,1782184089038615399,0,1,1,1,1,1,1,1178.9717258729324,47.23093162328683,2,"[""CENTER"", ""CENTER"", ""CENTER"", ""CENTER""]","[""CENTER"", ""CENTER"", ""CENTER"", ""CENTER""]","{""road_phase"": ""EXIT"", ""front_car_present"": 0, ""right_car_present"": 0, ""right_car_position"": ""NONE"", ""cross_left_car_present"": 0, ""cross_right_car_present"": 0}",NONE,,249.26122813485563,1,1
llm_inference,51000000000,51000.0,51313.02395,1782184089438615399,0,1,1,1,1,1,1,1145.3514541788932,43.97689556213838,2,"[""CENTER"", ""CENTER"", ""CENTER"", ""CENTER""]","[""CENTER"", ""CENTER"", ""CENTER"", ""CENTER""]","{""road_phase"": ""EXIT"", ""front_car_present"": 0, ""right_car_present"": 0, ""right_car_position"": ""NONE"", ""cross_left_car_present"": 0, ""cross_right_car_present"": 0}",NONE,,241.55790591612458,1,1
llm_inference,51400000000,51400.0,51749.411533,1782184089838615399,0,1,1,1,1,1,1,1113.3228338053232,35.73720305086438,1,"[""CENTER"", ""CENTER"", ""CENTER"", ""CENTER""]","[""CENTER"", ""CENTER"", ""CENTER"", ""CENTER""]","{""road_phase"": ""EXIT"", ""front_car_present"": 0, ""right_car_present"": 0, ""right_car_position"": ""NONE"", ""cross_left_car_present"": 0, ""cross_right_car_present"": 0}",NONE,,241.73115193843842,1,1
llm_inference,51800000000,51800.0,52113.692526,1782184090238615399,0,1,1,1,1,1,1,1080.9848175821235,28.600935367981254,1,"[""CENTER"", ""CENTER"", ""CENTER"", ""CENTER""]","[""CENTER"", ""CENTER"", ""CENTER"", ""CENTER""]","{""road_phase"": ""EXIT"", ""front_car_present"": 0, ""right_car_present"": 0, ""right_car_position"": ""NONE"", ""cross_left_car_present"": 0, ""cross_right_car_present"": 0}",NONE,,242.15214815922081,1,1
llm_inference,52200000000,52200.0,52512.245946,1782184090638615399,0,1,1,1,1,1,1,1049.2077871854954,21.430310979785204,1,"[""CENTER"", ""CENTER"", ""CENTER"", ""CENTER""]","[""CENTER"", ""CENTER"", ""CENTER"", ""CENTER""]","{""road_phase"": ""EXIT"", ""front_car_present"": 0, ""right_car_present"": 0, ""right_car_position"": ""NONE"", ""cross_left_car_present"": 0, ""cross_right_car_present"": 0}",NONE,,239.8834580089897,1,1
llm_inference,52600000000,52600.0,52923.348128,1782184091038615399,0,1,1,1,1,1,1,1016.9556493621658,13.926242942835367,1,"[""CENTER"", ""CENTER"", ""CENTER"", ""CENTER""]","[""CENTER"", ""CENTER"", ""CENTER"", ""CENTER""]","{""road_phase"": ""EXIT"", ""front_car_present"": 0, ""right_car_present"": 0, ""right_car_position"": ""NONE"", ""cross_left_car_present"": 0, ""cross_right_car_present"": 0}",NONE,,251.80670199915767,1,1
llm_inference,53000000000,53000.0,53314.537608,1782184091438615399,0,1,1,1,1,1,1,984.7652463579325,13.851638223589681,1,"[""CENTER"", ""CENTER"", ""CENTER"", ""CENTER""]","[""CENTER"", ""CENTER"", ""CENTER"", ""CENTER""]","{""road_phase"": ""EXIT"", ""front_car_present"": 0, ""right_car_present"": 0, ""right_car_position"": ""NONE"", ""cross_left_car_present"": 0, ""cross_right_car_present"": 0}",NONE,,244.17907907627523,1,1
llm_inference,53400000000,53400.0,53771.335982,1782184091838615399,0,1,1,1,1,1,1,952.5306149166454,16.26102984637407,1,"[""CENTER"", ""CENTER"", ""CENTER"", ""CENTER""]","[""CENTER"", ""CENTER"", ""CENTER"", ""CENTER""]","{""road_phase"": ""EXIT"", ""front_car_present"": 0, ""right_car_present"": 0, ""right_car_position"": ""NONE"", ""cross_left_car_present"": 0, ""cross_right_car_present"": 0}",NONE,,262.3682590201497,1,1
llm_inference,53800000000,53800.0,54120.287218,1782184092238615399,0,1,1,1,1,1,1,920.3086379767292,19.18213481206394,1,"[""CENTER"", ""CENTER"", ""CENTER"", ""CENTER""]","[""CENTER"", ""CENTER"", ""CENTER"", ""CENTER""]","{""road_phase"": ""EXIT"", ""front_car_present"": 0, ""right_car_present"": 0, ""right_car_position"": ""NONE"", ""cross_left_car_present"": 0, ""cross_right_car_present"": 0}",NONE,,249.65689703822136,1,1
llm_inference,54200000000,54200.0,54508.095957,1782184092638615399,0,1,1,1,1,1,1,888.0772602215184,21.572724824459243,1,"[""CENTER"", ""CENTER"", ""CENTER"", ""CENTER""]","[""CENTER"", ""CENTER"", ""CENTER"", ""CENTER""]","{""road_phase"": ""EXIT"", ""front_car_present"": 0, ""right_car_present"": 0, ""right_car_position"": ""NONE"", ""cross_left_car_present"": 0, ""cross_right_car_present"": 0}",NONE,,239.2204839270562,1,1
llm_inference,54600000000,54600.0,54913.682468,1782184093038615399,0,1,1,1,1,1,1,855.8361324873786,23.795756261419232,1,"[""CENTER"", ""CENTER"", ""CENTER"", ""CENTER""]","[""CENTER"", ""CENTER"", ""CENTER"", ""CENTER""]","{""road_phase"": ""EXIT"", ""front_car_present"": 0, ""right_car_present"": 0, ""right_car_position"": ""NONE"", ""cross_left_car_present"": 0, ""cross_right_car_present"": 0}",NONE,,243.97014803253114,1,1
llm_inference,55000000000,55000.0,55325.499147,1782184093438615399,0,1,1,1,1,1,1,823.5849941350098,26.070138300821846,1,"[""CENTER"", ""CENTER"", ""CENTER"", ""CENTER""]","[""CENTER"", ""CENTER"", ""CENTER"", ""CENTER""]","{""road_phase"": ""EXIT"", ""front_car_present"": 0, ""right_car_present"": 0, ""right_car_position"": ""NONE"", ""cross_left_car_present"": 0, ""cross_right_car_present"": 0}",NONE,,256.83556497097015,1,1
llm_inference,55400000000,55400.0,55767.078168,1782184093838615399,0,1,1,1,1,1,1,791.3236366393858,28.341108415636647,1,"[""CENTER"", ""CENTER"", ""CENTER"", ""CENTER""]","[""CENTER"", ""CENTER"", ""CENTER"", ""CENTER""]","{""road_phase"": ""EXIT"", ""front_car_present"": 0, ""right_car_present"": 0, ""right_car_position"": ""NONE"", ""cross_left_car_present"": 0, ""cross_right_car_present"": 0}",NONE,,250.2620369195938,1,1
llm_inference,55800000000,55800.0,56108.55177,1782184094238615399,0,1,1,1,1,1,1,759.0518819680483,30.736235368212693,1,"[""CENTER"", ""CENTER"", ""CENTER"", ""CENTER""]","[""CENTER"", ""CENTER"", ""CENTER"", ""CENTER""]","{""road_phase"": ""EXIT"", ""front_car_present"": 0, ""right_car_present"": 0, ""right_car_position"": ""NONE"", ""cross_left_car_present"": 0, ""cross_right_car_present"": 0}",NONE,,240.24895392358303,1,1
llm_inference,56200000000,56200.0,56522.8092,1782184094638615399,0,1,1,1,1,1,1,726.7622263897483,33.23341182407323,1,"[""CENTER"", ""CENTER"", ""CENTER"", ""CENTER""]","[""CENTER"", ""CENTER"", ""CENTER"", ""CENTER""]","{""road_phase"": ""EXIT"", ""front_car_present"": 0, ""right_car_present"": 0, ""right_car_position"": ""NONE"", ""cross_left_car_present"": 0, ""cross_right_car_present"": 0}",NONE,,255.89572195895016,1,1
llm_inference,56600000000,56600.0,56921.254839,1782184095038615399,0,1,1,1,1,1,1,694.4630952221632,34.910803926330274,1,"[""CENTER"", ""CENTER"", ""CENTER"", ""CENTER""]","[""CENTER"", ""CENTER"", ""CENTER"", ""CENTER""]","{""road_phase"": ""EXIT"", ""front_car_present"": 0, ""right_car_present"": 0, ""right_car_position"": ""NONE"", ""cross_left_car_present"": 0, ""cross_right_car_present"": 0}",NONE,,253.69482208043337,1,1
llm_inference,57000000000,57000.0,57318.178355,1782184095438615399,0,1,1,1,1,1,1,662.1570604903609,35.731594390984,1,"[""CENTER"", ""CENTER"", ""CENTER"", ""CENTER""]","[""CENTER"", ""CENTER"", ""CENTER"", ""CENTER""]","{""road_phase"": ""EXIT"", ""front_car_present"": 0, ""right_car_present"": 0, ""right_car_position"": ""NONE"", ""cross_left_car_present"": 0, ""cross_right_car_present"": 0}",NONE,,251.21714803390205,1,1
llm_inference,57400000000,57400.0,57761.366506,1782184095838615399,0,1,1,1,1,1,1,629.8396768257971,36.70699740467355,1,"[""CENTER"", ""CENTER"", ""CENTER"", ""CENTER""]","[""CENTER"", ""CENTER"", ""CENTER"", ""CENTER""]","{""road_phase"": ""EXIT"", ""front_car_present"": 0, ""right_car_present"": 0, ""right_car_position"": ""NONE"", ""cross_left_car_present"": 0, ""cross_right_car_present"": 0}",NONE,,243.91197692602873,1,1
llm_inference,57800000000,57800.0,58113.902315,1782184096238615399,0,1,1,1,1,1,1,597.1611265685115,37.52519036678159,0,"[""CENTER"", ""CENTER"", ""CENTER"", ""CENTER""]","[""CENTER"", ""CENTER"", ""CENTER"", ""CENTER""]","{""road_phase"": ""EXIT"", ""front_car_present"": 0, ""right_car_present"": 0, ""right_car_position"": ""NONE"", ""cross_left_car_present"": 0, ""cross_right_car_present"": 0}",NONE,,246.70001887716353,1,1
llm_inference,58200000000,58200.0,58529.976021,1782184096638615399,0,1,1,1,1,1,1,562.878599502089,37.182733873925145,1,"[""CENTER"", ""CENTER"", ""CENTER"", ""CENTER""]","[""CENTER"", ""CENTER"", ""CENTER"", ""CENTER""]","{""road_phase"": ""EXIT"", ""front_car_present"": 0, ""right_car_present"": 0, ""right_car_position"": ""NONE"", ""cross_left_car_present"": 0, ""cross_right_car_present"": 0}",NONE,,263.4562139865011,1,1
llm_inference,58600000000,58600.0,58906.315948,1782184097038615399,0,1,1,1,1,1,1,528.07616342051,36.845908253009696,1,"[""CENTER"", ""CENTER"", ""CENTER"", ""CENTER""]","[""CENTER"", ""CENTER"", ""CENTER"", ""CENTER""]","{""road_phase"": ""EXIT"", ""front_car_present"": 0, ""right_car_present"": 0, ""right_car_position"": ""NONE"", ""cross_left_car_present"": 0, ""cross_right_car_present"": 0}",NONE,,240.57732499204576,1,1
llm_inference,59000000000,59000.0,59324.949538,1782184097438615399,0,1,1,1,1,1,1,493.7673232401203,36.51457100893164,1,"[""CENTER"", ""CENTER"", ""CENTER"", ""CENTER""]","[""CENTER"", ""CENTER"", ""CENTER"", ""CENTER""]","{""road_phase"": ""EXIT"", ""front_car_present"": 0, ""right_car_present"": 0, ""right_car_position"": ""NONE"", ""cross_left_car_present"": 0, ""cross_right_car_present"": 0}",ACTUATE,Reduce speed.,259.7027199808508,1,1
llm_inference,59400000000,59400.0,59803.097065,1782184097838615399,0,1,1,1,1,1,1,459.81528877490746,37.027018707321965,1,"[""CENTER"", ""CENTER"", ""CENTER"", ""CENTER""]","[""CENTER"", ""CENTER"", ""CENTER"", ""CENTER""]","{""road_phase"": ""EXIT"", ""front_car_present"": 0, ""right_car_present"": 0, ""right_car_position"": ""NONE"", ""cross_left_car_present"": 0, ""cross_right_car_present"": 0}",WARNING,Reduce speed.,286.2846818752587,1,1
llm_inference,59800000000,59800.0,60108.247605,1782184098238615399,0,1,1,1,1,1,1,425.8830247776741,38.56090398080218,1,"[""CENTER"", ""CENTER"", ""CENTER"", ""CENTER""]","[""CENTER"", ""CENTER"", ""CENTER"", ""CENTER""]","{""road_phase"": ""EXIT"", ""front_car_present"": 0, ""right_car_present"": 0, ""right_car_position"": ""NONE"", ""cross_left_car_present"": 0, ""cross_right_car_present"": 0}",NONE,,244.8383930604905,1,1
llm_inference,60200000000,60200.0,60496.004911,1782184098638615399,0,1,1,1,1,1,1,392.2768838379443,40.46521151958274,2,"[""CENTER"", ""CENTER"", ""CENTER"", ""CENTER""]","[""CENTER"", ""CENTER"", ""CENTER"", ""CENTER""]","{""road_phase"": ""EXIT"", ""front_car_present"": 0, ""right_car_present"": 0, ""right_car_position"": ""NONE"", ""cross_left_car_present"": 0, ""cross_right_car_present"": 0}",NONE,,232.84846800379455,1,1
llm_inference,60600000000,60600.0,60911.039491,1782184099038615399,0,1,1,1,1,1,1,359.74455368851886,41.69502992764699,1,"[""CENTER"", ""CENTER"", ""CENTER"", ""CENTER""]","[""CENTER"", ""CENTER"", ""CENTER"", ""CENTER""]","{""road_phase"": ""EXIT"", ""front_car_present"": 0, ""right_car_present"": 0, ""right_car_position"": ""NONE"", ""cross_left_car_present"": 0, ""cross_right_car_present"": 0}",NONE,,248.05085500702262,1,1
llm_inference,61000000000,61000.0,61304.932561,1782184099438615399,0,1,1,1,1,1,1,327.211203005013,42.64917474092639,1,"[""CENTER"", ""CENTER"", ""CENTER"", ""CENTER""]","[""CENTER"", ""CENTER"", ""CENTER"", ""CENTER""]","{""road_phase"": ""EXIT"", ""front_car_present"": 0, ""right_car_present"": 0, ""right_car_position"": ""NONE"", ""cross_left_car_present"": 0, ""cross_right_car_present"": 0}",NONE,,242.5785579252988,1,1
llm_inference,61400000000,61400.0,61748.30799,1782184099838615399,0,1,1,1,1,1,1,294.70160974616283,43.1023441920803,1,"[""CENTER"", ""CENTER"", ""CENTER"", ""CENTER""]","[""CENTER"", ""CENTER"", ""CENTER"", ""CENTER""]","{""road_phase"": ""EXIT"", ""front_car_present"": 0, ""right_car_present"": 0, ""right_car_position"": ""NONE"", ""cross_left_car_present"": 0, ""cross_right_car_present"": 0}",NONE,,237.17957315966487,1,1
llm_inference,61800000000,61800.0,62116.19199,1782184100238615399,0,1,1,1,1,1,1,262.17439355895385,43.59083724711051,1,"[""CENTER"", ""CENTER"", ""CENTER"", ""CENTER""]","[""CENTER"", ""CENTER"", ""CENTER"", ""CENTER""]","{""road_phase"": ""EXIT"", ""front_car_present"": 0, ""right_car_present"": 0, ""right_car_position"": ""NONE"", ""cross_left_car_present"": 0, ""cross_right_car_present"": 0}",NONE,,254.38090390525758,1,1
llm_inference,62200000000,62200.0,62492.72681,1782184100638615399,0,1,1,1,1,1,1,229.57778310780122,44.29715238409405,1,"[""CENTER"", ""CENTER"", ""CENTER"", ""CENTER""]","[""CENTER"", ""CENTER"", ""CENTER"", ""CENTER""]","{""road_phase"": ""EXIT"", ""front_car_present"": 0, ""right_car_present"": 0, ""right_car_position"": ""NONE"", ""cross_left_car_present"": 0, ""cross_right_car_present"": 0}",NONE,,231.8491698242724,1,1
llm_inference,62600000000,62600.0,62908.560742,1782184101038615399,0,1,1,1,1,1,1,196.91696120573488,45.072565963456725,1,"[""CENTER"", ""CENTER"", ""CENTER"", ""CENTER""]","[""CENTER"", ""CENTER"", ""CENTER"", ""CENTER""]","{""road_phase"": ""EXIT"", ""front_car_present"": 0, ""right_car_present"": 0, ""right_car_position"": ""NONE"", ""cross_left_car_present"": 0, ""cross_right_car_present"": 0}",WARNING,Reduce speed.,246.696210000664,1,1
llm_inference,63000000000,63000.0,63311.074911,1782184101438615399,0,1,1,1,1,1,1,164.1904471624257,45.83726186859954,1,"[""CENTER"", ""CENTER"", ""CENTER"", ""CENTER""]","[""CENTER"", ""CENTER"", ""CENTER"", ""CENTER""]","{""road_phase"": ""EXIT"", ""front_car_present"": 0, ""right_car_present"": 0, ""right_car_position"": ""NONE"", ""cross_left_car_present"": 1, ""cross_right_car_present"": 0}",NONE,,249.7004580218345,1,1
llm_inference,63400000000,63400.0,63754.780661,1782184101838615399,0,1,1,1,1,1,1,131.4156545977812,45.64645279633657,1,"[""CENTER"", ""CENTER"", ""CENTER"", ""CENTER""]","[""CENTER"", ""CENTER"", ""CENTER"", ""CENTER""]","{""road_phase"": ""EXIT"", ""front_car_present"": 0, ""right_car_present"": 0, ""right_car_position"": ""NONE"", ""cross_left_car_present"": 1, ""cross_right_car_present"": 1}",NONE,,244.0115730278194,1,1
llm_inference,63800000000,63800.0,64098.256854,1782184102238615399,0,1,1,1,1,1,1,98.60511594411946,40.482074481831084,1,"[""CENTER"", ""CENTER"", ""CENTER"", ""CENTER""]","[""CENTER"", ""CENTER"", ""CENTER"", ""CENTER""]","{""road_phase"": ""EXIT"", ""front_car_present"": 0, ""right_car_present"": 0, ""right_car_position"": ""NONE"", ""cross_left_car_present"": 1, ""cross_right_car_present"": 1}",NONE,,236.13296495750546,1,1
llm_inference,64200000000,64200.0,64515.268228,1782184102638615399,0,1,1,1,1,1,1,65.7480504163168,30.03129696080335,1,"[""CENTER"", ""CENTER"", ""CENTER"", ""CENTER""]","[""CENTER"", ""CENTER"", ""CENTER"", ""CENTER""]","{""road_phase"": ""EXIT"", ""front_car_present"": 0, ""right_car_present"": 0, ""right_car_position"": ""NONE"", ""cross_left_car_present"": 1, ""cross_right_car_present"": 1}",NONE,,253.75090981833637,1,1
llm_inference,64600000000,64600.0,64909.815773,1782184103038615399,0,1,1,1,1,1,1,32.839430657902994,17.62181345337299,1,"[""CENTER"", ""CENTER"", ""CENTER"", ""CENTER""]","[""CENTER"", ""CENTER"", ""CENTER"", ""CENTER""]","{""road_phase"": ""EXIT"", ""front_car_present"": 0, ""right_car_present"": 0, ""right_car_position"": ""NONE"", ""cross_left_car_present"": 1, ""cross_right_car_present"": 1}",NONE,,248.82858316414058,1,1
llm_inference,65000000000,65000.0,65379.781164,1782184103438615399,0,1,1,1,1,1,1,24.874052334338558,3.1534731958856836,1,"[""CENTER"", ""CENTER"", ""CENTER"", ""CENTER""]","[""CENTER"", ""CENTER"", ""CENTER"", ""CENTER""]","{""road_phase"": ""STOP_SIGN"", ""front_car_present"": 0, ""right_car_present"": 0, ""right_car_position"": ""NONE"", ""cross_left_car_present"": 1, ""cross_right_car_present"": 1}",ACTUATE,Stop before the sign and look LEFT and RIGHT before moving ahead.,317.20425304956734,1,1
llm_inference,65400000000,65400.0,65847.836412,1782184103838615399,0,1,1,1,1,1,1,15.67072510818889,0.0,1,"[""CENTER"", ""CENTER"", ""CENTER"", ""CENTER""]","[""CENTER"", ""CENTER"", ""CENTER"", ""CENTER""]","{""road_phase"": ""STOP_SIGN"", ""front_car_present"": 0, ""right_car_present"": 0, ""right_car_position"": ""NONE"", ""cross_left_car_present"": 1, ""cross_right_car_present"": 1}",NONE,,336.6031269542873,1,1
llm_inference,65800000000,65800.0,66171.195281,1782184104238615399,0,1,1,1,1,1,1,14.787191011184404,0.0,1,"[""CENTER"", ""CENTER"", ""CENTER"", ""CENTER""]","[""CENTER"", ""CENTER"", ""CENTER"", ""CENTER""]","{""road_phase"": ""STOP_SIGN"", ""front_car_present"": 0, ""right_car_present"": 0, ""right_car_position"": ""NONE"", ""cross_left_car_present"": 1, ""cross_right_car_present"": 1}",NONE,,311.5329770371318,1,1
llm_inference,66200000000,66200.0,66550.67642,1782184104638615399,0,1,1,1,1,1,1,14.636284366096334,0.0,1,"[""CENTER"", ""CENTER"", ""CENTER"", ""CENTER""]","[""CENTER"", ""CENTER"", ""CENTER"", ""CENTER""]","{""road_phase"": ""STOP_SIGN"", ""front_car_present"": 0, ""right_car_present"": 0, ""right_car_position"": ""NONE"", ""cross_left_car_present"": 1, ""cross_right_car_present"": 1}",NONE,,290.31484201550484,1,1
llm_inference,66600000000,66600.0,66938.679003,1782184105038615399,0,1,1,1,1,1,1,14.629045289532769,0.0,1,"[""CENTER"", ""CENTER"", ""CENTER"", ""CENTER""]","[""CENTER"", ""CENTER"", ""CENTER"", ""CENTER""]","{""road_phase"": ""STOP_SIGN"", ""front_car_present"": 0, ""right_car_present"": 0, ""right_car_position"": ""NONE"", ""cross_left_car_present"": 1, ""cross_right_car_present"": 1}",ACTUATE,Stop before the stop sign.,277.6651701424271,1,1
llm_inference,67000000000,67000.0,67360.202276,1782184105438615399,0,1,1,1,1,1,1,14.62185625658185,0.0,1,"[""CENTER"", ""CENTER"", ""CENTER"", ""CENTER""]","[""CENTER"", ""CENTER"", ""CENTER"", ""CENTER""]","{""road_phase"": ""STOP_SIGN"", ""front_car_present"": 0, ""right_car_present"": 0, ""right_car_position"": ""NONE"", ""cross_left_car_present"": 1, ""cross_right_car_present"": 1}",NONE,,300.3491829149425,1,1
llm_inference,67400000000,67400.0,67807.968927,1782184105838615399,0,1,1,1,1,1,1,14.61473228604791,0.0,1,"[""CENTER"", ""CENTER"", ""CENTER"", ""CENTER""]","[""CENTER"", ""CENTER"", ""CENTER"", ""CENTER""]","{""road_phase"": ""STOP_SIGN"", ""front_car_present"": 0, ""right_car_present"": 0, ""right_car_position"": ""NONE"", ""cross_left_car_present"": 1, ""cross_right_car_present"": 1}",NONE,,307.56221315823495,1,1
llm_inference,67800000000,67800.0,68158.862721,1782184106238615399,0,1,1,1,1,1,1,14.607655207260905,0.0,1,"[""CENTER"", ""CENTER"", ""CENTER"", ""CENTER""]","[""CENTER"", ""CENTER"", ""CENTER"", ""CENTER""]","{""road_phase"": ""STOP_SIGN"", ""front_car_present"": 0, ""right_car_present"": 0, ""right_car_position"": ""NONE"", ""cross_left_car_present"": 1, ""cross_right_car_present"": 1}",NONE,,297.30625404044986,1,1
llm_inference,68200000000,68200.0,68568.318938,1782184106638615399,0,1,1,1,1,1,1,14.600678472552318,0.0,1,"[""RIGHT"", ""RIGHT"", ""RIGHT"", ""RIGHT""]","[""CENTER"", ""CENTER"", ""CENTER"", ""CENTER""]","{""road_phase"": ""STOP_SIGN"", ""front_car_present"": 0, ""right_car_present"": 0, ""right_car_position"": ""NONE"", ""cross_left_car_present"": 1, ""cross_right_car_present"": 1}",NONE,,309.2433961573988,1,1
llm_inference,68600000000,68600.0,68952.746336,1782184107038615399,0,1,1,1,1,1,1,14.59378992974598,0.0,1,"[""RIGHT"", ""RIGHT"", ""RIGHT"", ""RIGHT""]","[""CENTER"", ""CENTER"", ""CENTER"", ""CENTER""]","{""road_phase"": ""STOP_SIGN"", ""front_car_present"": 0, ""right_car_present"": 0, ""right_car_position"": ""NONE"", ""cross_left_car_present"": 1, ""cross_right_car_present"": 1}",NONE,,292.25496808066964,1,1
llm_inference,69000000000,69000.0,69346.476388,1782184107438615399,0,1,1,1,1,1,1,14.58698396584441,0.0,1,"[""RIGHT"", ""RIGHT"", ""RIGHT"", ""RIGHT""]","[""CENTER"", ""CENTER"", ""CENTER"", ""CENTER""]","{""road_phase"": ""STOP_SIGN"", ""front_car_present"": 0, ""right_car_present"": 0, ""right_car_position"": ""NONE"", ""cross_left_car_present"": 1, ""cross_right_car_present"": 1}",NONE,,286.5680060349405,1,1
llm_inference,69400000000,69400.0,69776.390262,1782184107838615399,0,1,1,1,1,1,1,14.580252247728822,0.0,1,"[""RIGHT"", ""RIGHT"", ""RIGHT"", ""CENTER""]","[""CENTER"", ""CENTER"", ""CENTER"", ""LEFT""]","{""road_phase"": ""STOP_SIGN"", ""front_car_present"": 0, ""right_car_present"": 0, ""right_car_position"": ""NONE"", ""cross_left_car_present"": 1, ""cross_right_car_present"": 1}",WARNING,Look LEFT and RIGHT before moving ahead.,270.43851907365024,1,1
llm_inference,69800000000,69800.0,70161.714637,1782184108238615399,0,1,1,1,1,1,1,9.145640820980589,3.440487905904603,1,"[""CENTER"", ""CENTER"", ""CENTER"", ""CENTER""]","[""LEFT"", ""LEFT"", ""LEFT"", ""LEFT""]","{""road_phase"": ""STOP_SIGN"", ""front_car_present"": 0, ""right_car_present"": 0, ""right_car_position"": ""NONE"", ""cross_left_car_present"": 1, ""cross_right_car_present"": 1}",NONE,,301.84072093106806,1,1
llm_inference,70200000000,70200.0,70565.996468,1782184108638615399,0,1,1,1,1,1,1,2.198352398255338,9.16130299557763,1,"[""CENTER"", ""CENTER"", ""CENTER"", ""CENTER""]","[""CENTER"", ""CENTER"", ""CENTER"", ""CENTER""]","{""road_phase"": ""YIELD"", ""front_car_present"": 0, ""right_car_present"": 0, ""right_car_position"": ""NONE"", ""cross_left_car_present"": 1, ""cross_right_car_present"": 1}",NONE,,306.465488858521,1,1
llm_inference,70600000000,70600.0,70961.262113,1782184109038615399,0,1,1,1,1,1,1,68.54911282616467,14.860678705634333,1,"[""CENTER"", ""CENTER"", ""CENTER"", ""CENTER""]","[""CENTER"", ""RIGHT"", ""RIGHT"", ""RIGHT""]","{""road_phase"": ""MOVE"", ""front_car_present"": 0, ""right_car_present"": 0, ""right_car_position"": ""NONE"", ""cross_left_car_present"": 1, ""cross_right_car_present"": 1}",NONE,,302.6781198568642,1,1
llm_inference,71000000000,71000.0,71321.196855,1782184109438615399,0,1,1,1,1,1,1,34.91114817751168,20.52431001725917,1,"[""CENTER"", ""CENTER"", ""CENTER"", ""CENTER""]","[""RIGHT"", ""RIGHT"", ""RIGHT"", ""RIGHT""]","{""road_phase"": ""MOVE"", ""front_car_present"": 0, ""right_car_present"": 0, ""right_car_position"": ""NONE"", ""cross_left_car_present"": 1, ""cross_right_car_present"": 1}",NONE,,262.59478204883635,1,1
llm_inference,71400000000,71400.0,71790.412356,1782184109838615399,0,1,1,1,1,1,1,1.023513312594332,26.138237957744952,1,"[""CENTER"", ""CENTER"", ""CENTER"", ""CENTER""]","[""RIGHT"", ""RIGHT"", ""RIGHT"", ""RIGHT""]","{""road_phase"": ""MOVE"", ""front_car_present"": 0, ""right_car_present"": 0, ""right_car_position"": ""NONE"", ""cross_left_car_present"": 1, ""cross_right_car_present"": 1}",NONE,,283.02519186399877,1,1
llm_inference,71800000000,71800.0,72118.974561,1782184110238615399,0,1,1,1,1,1,1,0.0,31.688985146565162,2,"[""CENTER"", ""CENTER"", ""CENTER"", ""CENTER""]","[""RIGHT"", ""RIGHT"", ""RIGHT"", ""RIGHT""]","{""road_phase"": ""MOVE"", ""front_car_present"": 0, ""right_car_present"": 0, ""right_car_position"": ""NONE"", ""cross_left_car_present"": 1, ""cross_right_car_present"": 1}",WARNING,Increase speed.,260.92955796048045,1,1
llm_inference,72200000000,72200.0,72539.855137,1782184110638615399,0,1,1,1,1,1,1,0.0,37.16368145456143,2,"[""CENTER"", ""CENTER"", ""CENTER"", ""CENTER""]","[""RIGHT"", ""RIGHT"", ""RIGHT"", ""RIGHT""]","{""road_phase"": ""MOVE"", ""front_car_present"": 0, ""right_car_present"": 0, ""right_car_position"": ""NONE"", ""cross_left_car_present"": 1, ""cross_right_car_present"": 1}",WARNING,Increase speed.,281.5438990946859,1,1
llm_inference,72600000000,72600.0,72909.520226,1782184111038615399,0,1,1,1,1,1,1,0.0,38.58365470561558,2,"[""CENTER"", ""RIGHT"", ""RIGHT"", ""RIGHT""]","[""RIGHT"", ""RIGHT"", ""RIGHT"", ""RIGHT""]","{""road_phase"": ""MOVE"", ""front_car_present"": 0, ""right_car_present"": 0, ""right_car_position"": ""NONE"", ""cross_left_car_present"": 0, ""cross_right_car_present"": 0}",WARNING,Increase speed.,250.9769289754331,1,1
llm_inference,73000000000,73000.0,73311.68012,1782184111438615399,0,1,1,1,1,1,1,0.0,38.22347095582117,2,"[""RIGHT"", ""RIGHT"", ""RIGHT"", ""RIGHT""]","[""RIGHT"", ""RIGHT"", ""RIGHT"", ""RIGHT""]","{""road_phase"": ""MOVE"", ""front_car_present"": 0, ""right_car_present"": 0, ""right_car_position"": ""NONE"", ""cross_left_car_present"": 0, ""cross_right_car_present"": 0}",WARNING,Increase speed.,254.81616193428636,1,1
llm_inference,73400000000,73400.0,73772.656182,1782184111838615399,0,1,1,1,1,1,1,0.0,23.55035675018864,2,"[""RIGHT"", ""RIGHT"", ""RIGHT"", ""RIGHT""]","[""RIGHT"", ""RIGHT"", ""RIGHT"", ""RIGHT""]","{""road_phase"": ""MOVE"", ""front_car_present"": 0, ""right_car_present"": 0, ""right_car_position"": ""NONE"", ""cross_left_car_present"": 0, ""cross_right_car_present"": 0}",NONE,,261.5144969895482,1,1
llm_inference,73800000000,73800.0,74106.486968,1782184112238615399,0,1,1,1,1,1,1,0.0,9.042208071978918,2,"[""RIGHT"", ""RIGHT"", ""RIGHT"", ""RIGHT""]","[""RIGHT"", ""RIGHT"", ""RIGHT"", ""RIGHT""]","{""road_phase"": ""MOVE"", ""front_car_present"": 0, ""right_car_present"": 0, ""right_car_position"": ""NONE"", ""cross_left_car_present"": 0, ""cross_right_car_present"": 0}",NONE,,248.40151309035718,1,1
llm_inference,74200000000,74200.0,74553.529538,1782184112638615399,0,1,1,1,1,1,1,0.0,0.0,2,"[""RIGHT"", ""RIGHT"", ""RIGHT"", ""RIGHT""]","[""RIGHT"", ""RIGHT"", ""RIGHT"", ""RIGHT""]","{""road_phase"": ""MOVE"", ""front_car_present"": 0, ""right_car_present"": 0, ""right_car_position"": ""NONE"", ""cross_left_car_present"": 0, ""cross_right_car_present"": 0}",NONE,,295.8910670131445,1,1
llm_inference,74600000000,74600.0,74967.675235,1782184113038615399,0,1,1,1,1,1,1,0.0,0.0,1,"[""RIGHT"", ""RIGHT"", ""RIGHT"", ""RIGHT""]","[""RIGHT"", ""RIGHT"", ""RIGHT"", ""RIGHT""]","{""road_phase"": ""MOVE"", ""front_car_present"": 0, ""right_car_present"": 0, ""right_car_position"": ""NONE"", ""cross_left_car_present"": 0, ""cross_right_car_present"": 0}",NONE,,310.0576321594417,1,1
llm_inference,75000000000,75000.0,75334.124654,1782184113438615399,0,1,1,1,1,1,1,0.0,0.0,1,"[""RIGHT"", ""RIGHT"", ""RIGHT"", ""RIGHT""]","[""RIGHT"", ""RIGHT"", ""RIGHT"", ""RIGHT""]","{""road_phase"": ""MOVE"", ""front_car_present"": 0, ""right_car_present"": 0, ""right_car_position"": ""NONE"", ""cross_left_car_present"": 0, ""cross_right_car_present"": 0}",NONE,,276.4802370220423,1,1
llm_inference,75400000000,75400.0,75805.768442,1782184113838615399,0,1,1,1,1,1,1,0.0,0.0,1,"[""RIGHT"", ""RIGHT"", ""RIGHT"", ""RIGHT""]","[""RIGHT"", ""RIGHT"", ""RIGHT"", ""RIGHT""]","{""road_phase"": ""MOVE"", ""front_car_present"": 0, ""right_car_present"": 0, ""right_car_position"": ""NONE"", ""cross_left_car_present"": 0, ""cross_right_car_present"": 0}",NONE,,281.48012212477624,1,1
llm_inference,75800000000,75800.0,76148.368116,1782184114238615399,0,1,1,1,1,1,1,0.0,0.0,1,"[""CENTER"", ""CENTER"", ""CENTER"", ""CENTER""]","[""RIGHT"", ""RIGHT"", ""RIGHT"", ""RIGHT""]","{""road_phase"": ""MOVE"", ""front_car_present"": 0, ""right_car_present"": 0, ""right_car_position"": ""NONE"", ""cross_left_car_present"": 0, ""cross_right_car_present"": 0}",ACTUATE,Stop before the sign.,265.97764901816845,1,1
llm_inference,76200000000,76200.0,76552.075595,1782184114638615399,0,1,1,1,1,1,1,0.0,0.0,1,"[""CENTER"", ""CENTER"", ""CENTER"", ""CENTER""]","[""CENTER"", ""CENTER"", ""CENTER"", ""CENTER""]","{""road_phase"": ""MOVE"", ""front_car_present"": 0, ""right_car_present"": 0, ""right_car_position"": ""NONE"", ""cross_left_car_present"": 0, ""cross_right_car_present"": 0}",NONE,,294.35395216569304,1,1
llm_inference,76600000000,76600.0,76955.197636,1782184115038615399,0,1,1,1,1,1,1,0.0,0.0,1,"[""CENTER"", ""CENTER"", ""CENTER"", ""CENTER""]","[""CENTER"", ""CENTER"", ""CENTER"", ""CENTER""]","{""road_phase"": ""MOVE"", ""front_car_present"": 0, ""right_car_present"": 0, ""right_car_position"": ""NONE"", ""cross_left_car_present"": 0, ""cross_right_car_present"": 0}",NONE,,297.5854699034244,1,1
